,نام,استان,شهر,آدرس,لینک
0,کاخ گلستان تهران,استان تهران,تهران,,"https://www.google.com/maps/place/%DA%A9%D8%A7%D8%AE+%DA%AF%D9%84%D8%B3%D8%AA%D8%A7%D9%86%E2%80%AD/@35.6797566,51.4227068,17z/data=!3m1!4b1!4m5!3m4!1s0x3f8e01f27917eb6b:0xe953925ee5058ce!8m2!3d35.6797523!4d51.4205181?hl=fa"
1,مجموعه کاخ سعد آباد,استان تهران,تهران,,https://goo.gl/maps/9HMASxMmWrbbrzND6
2,دربند,استان تهران,تهران,,"https://www.google.com/maps/place/%D8%AF%D8%B1%D8%A8%D9%86%D8%AF%D8%8C+%D8%AA%D9%87%D8%B1%D8%A7%D9%86%D8%8C+%D8%A7%D8%B3%D8%AA%D8%A7%D9%86+%D8%AA%D9%87%D8%B1%D8%A7%D9%86%D8%8C+%D8%A7%DB%8C%D8%B1%D8%A7%D9%86%E2%80%AD/@35.8239956,51.4296292,16z/data=!3m1!4b1!4m5!3m4!1s0x3f8e08b1e3bb99db:0xa2fb8a26871ef5c5!8m2!3d35.8233292!4d51.4250525?hl=fa"
3,موزه ایران باستان (موزه ملی ایران),استان تهران,تهران,,"https://www.google.com/maps/place/%D9%85%D9%88%D8%B2%D9%87+%D9%85%D9%84%DB%8C+%D8%A7%DB%8C%D8%B1%D8%A7%D9%86%E2%80%AD/@35.6869925,51.4168394,17z/data=!3m1!4b1!4m5!3m4!1s0x3f8e0196d786605b:0x46ef1b89035ae1c6!8m2!3d35.6869925!4d51.4146507?hl=fa"
4,باغ فردوس تهران,استان تهران,تهران,,"https://www.google.com/maps/place/Ferdows+Garden/@35.802596,51.4194146,17z/data=!4m16!1m9!3m8!1s0x3f8e060fbf0d4417:0x60df446d30ebe981!2sFerdows+Garden!8m2!3d35.802596!4d51.4219895!9m1!1b1!16s%2Fg%2F121dvghz!3m5!1s0x3f8e060fbf0d4417:0x60df446d30ebe981!8m2!3d35.802596!4d51.4219895!16s%2Fg%2F121dvghz?entry=ttu&g_ep=EgoyMDI0MTEyNC4xIKXMDSoASAFQAw%3D%3D"
5,خانه موزه مقدم,استان تهران,تهران,,https://maps.app.goo.gl/ey69QJ1YzJvvNoqZ8
6,بام تهران,استان تهران,تهران,,
7,پل طبیعت تهران,استان تهران,تهران,,
8,مجموعه کاخ نیاوران,استان تهران,تهران,,https://goo.gl/maps/h2h4AQbtD367wekm8
9,بازار تهران,استان تهران,تهران,,https://maps.app.goo.gl/t4E1gWyUMDu98v6W6
10,سردر باغ ملی,استان تهران,تهران,,
11,ایران مال,استان تهران,تهران,,https://maps.app.goo.gl/QUc6XDe5z9Nw3ccK6
12,مگامال,استان تهران,تهران,,
13,باغ‌ نگارستان,استان تهران,تهران,,https://goo.gl/maps/rbwkugbbc2s7BoUm8
14,توچال,استان تهران,تهران,,
15,برج میلاد,استان تهران,تهران,,"https://www.google.com/maps/place/%D8%A8%D8%B1%D8%AC+%D9%85%DB%8C%D9%84%D8%A7%D8%AF%E2%80%8E%E2%80%AD/@35.7448459,51.3775099,17z/data=!3m1!4b1!4m5!3m4!1s0x3f8e0710d5918403:0x74f5290b67841378!8m2!3d35.7448416!4d51.3753212?shorturl=1"
16,پارک چیتگر,استان تهران,تهران,,https://goo.gl/maps/nwBqRGZ6KsRzoDQH7
17,عمارت مسعودیه تهران,استان تهران,تهران,,https://goo.gl/maps/rmXUR5yZv2Cf9fGz5
18,پارک ارم,استان تهران,تهران,,"https://www.google.com/maps/place/Eram+Amusement+Park/@35.7264196,51.2857035,15z/data=!4m6!3m5!1s0x3f8dfc5a5182ccf3:0x2cf6c76a75ece737!8m2!3d35.7204921!4d51.2921013!16s%2Fm%2F0ngt03h?entry=ttu"
19,بام لند چیتگر,استان تهران,تهران,,"https://www.google.com/maps/place/Bamland+Parking+lot/@35.7445482,51.2186878,17z/data=!4m14!1m7!3m6!1s0x3f8de5282a109771:0x2b00e6e13c5f69b6!2sBamland+Shopping+Mall!8m2!3d35.7445482!4d51.2212627!16s%2Fg%2F11ddwys20_!3m5!1s0x3f8de579eb46f81d:0x603b94c65c73a22e!8m2!3d35.7423331!4d51.2228935!16s%2Fg%2F11gxwsl4qb?entry=ttu"
20,پارک جمشیدیه تهران,استان تهران,تهران,,https://maps.app.goo.gl/nDCWGcvDYm2XQpvA8
21,فشم,استان تهران,لواسان,,"https://www.google.com/maps/place/Fasham,+Tehran+Province,+Iran/@35.9295567,51.5149483,15z/data=!3m1!4b1!4m6!3m5!1s0x3f8e11fc03b0e78d:0x188736c07ecf45bc!8m2!3d35.9322498!4d51.5286682!16s%2Fm%2F0hglv29?entry=ttu"
22,پارک ملت تهران,استان تهران,تهران,,"https://www.google.com/maps/place/%D8%A8%D9%88%D8%B3%D8%AA%D8%A7%D9%86+%D9%85%D9%84%D8%AA%E2%80%AD/@35.7788325,51.4131113,17z/data=!4m6!3m5!1s0x3f8e065df80f0beb:0xcf58d4a878132eb7!8m2!3d35.7779638!4d51.4103244!16zL20vMDV0dGQx?hl=fa&entry=ttu&g_ep=EgoyMDI0MTExNy4wIKXMDSoASAFQAw%3D%3D"
23,بازار تجریش,استان تهران,تهران,,https://maps.app.goo.gl/57mfZTr1M5wvUA3d6
24,پارک نهج ‌البلاغه,استان تهران,تهران,,https://goo.gl/maps/1k43zCTNvipJaEE59
25,پارک ارم,استان تهران,تهران,,"https://www.google.com/maps/place/Eram+Amusement+Park/@35.7264196,51.2857035,15z/data=!4m6!3m5!1s0x3f8dfc5a5182ccf3:0x2cf6c76a75ece737!8m2!3d35.7204921!4d51.2921013!16s%2Fm%2F0ngt03h?entry=ttu"
26,باغ کتاب تهران,استان تهران,تهران,,https://maps.app.goo.gl/RbTyKRDfwDdKfm9U9
27,بام لند چیتگر,استان تهران,تهران,,"https://www.google.com/maps/place/Bamland+Parking+lot/@35.7445482,51.2186878,17z/data=!4m14!1m7!3m6!1s0x3f8de5282a109771:0x2b00e6e13c5f69b6!2sBamland+Shopping+Mall!8m2!3d35.7445482!4d51.2212627!16s%2Fg%2F11ddwys20_!3m5!1s0x3f8de579eb46f81d:0x603b94c65c73a22e!8m2!3d35.7423331!4d51.2228935!16s%2Fg%2F11gxwsl4qb?entry=ttu"
28,برج آزادی,استان تهران,تهران,,
29,خیابان ولیعصر,استان تهران,تهران,,https://goo.gl/maps/T9MrY1wJEyKqEcho6
30,پارک نیاوران,استان تهران,تهران,,https://goo.gl/maps/skAakLQdkY9PZz748
31,باغ پرندگان تهران,استان تهران,تهران,,https://maps.app.goo.gl/g3Np4yDrA4xU7RCd8
32,پارک آب و آتش,استان تهران,تهران,,https://maps.app.goo.gl/DqnQo8TSyFciJ5o2A
33,پارک لاله,استان تهران,تهران,,https://maps.app.goo.gl/8v7CrqvVTd3spWX6A
34,پارک طالقانی تهران,استان تهران,تهران,,https://goo.gl/maps/zMthyVB3DG2JD2F47
35,پارک ساعی,استان تهران,تهران,,
36,میدان تجریش,استان تهران,تهران,,https://goo.gl/maps/Brban4xCoq4EEGLz6
37,پاساژ میلاد نور,استان تهران,تهران,,https://goo.gl/maps/ENmSto7QehNxRUVW7
38,دریاچه چیتگر,استان تهران,تهران,,https://maps.app.goo.gl/Vjq75nP3obPwPRTB8
39,پارک پردیسان,استان تهران,تهران,,https://goo.gl/maps/paf3TZd1633gSxyN9
40,پارک قیطریه,استان تهران,تهران,,https://goo.gl/maps/3d3nK54LUD6mnbxz7
41,مرکز خرید پالادیوم تهران,استان تهران,تهران,,
42,کوچه مروی,استان تهران,تهران,,https://maps.app.goo.gl/yUTxhPBWzGig6nZ17
43,کوروش مال,استان تهران,تهران,,
44,بوستان ولایت,استان تهران,تهران,,
45,کافه نادری,استان تهران,تهران,,https://goo.gl/maps/gzM1rHr7ZqDsufZk7
46,جمعه بازار پروانه,استان تهران,تهران,,https://goo.gl/maps/vkJM8vpnDFJ4RSip7
47,پارک جنگلی لویزان,استان تهران,تهران,,https://goo.gl/maps/b4WMgsz7u9CrHiuu6
48,پاساژ چارسو,استان تهران,تهران,,https://goo.gl/maps/XbtGH9fUQv4jiDS28
49,پارک آبشار تهران,استان تهران,تهران,,https://goo.gl/maps/JkgygAHWMZWZzmD88
50,موزه هنرهای معاصر,استان تهران,تهران,,https://goo.gl/maps/82xMVyY7zN3cwnpu5
51,خانه هنرمندان ایران,استان تهران,تهران,,
52,حرم عبدالعظیم حسنی,استان تهران,تهران,,https://goo.gl/maps/iR2VR6FFduLi4jD6A
53,آرامستان ظهیرالدوله,استان تهران,تهران,,https://goo.gl/maps/smaaJ8nweMKoGC9x5
54,موزه آبگینه و سفالینه,استان تهران,تهران,,https://goo.gl/maps/BArDj5PckBaQNy1X8
55,موزه آثار طبیعی و حیات‌ وحش هفت چنار,استان تهران,تهران,,https://goo.gl/maps/7JHHQBPEiVkGkm396
56,کتابخانه و موزه ملی ملک,استان تهران,تهران,,https://goo.gl/maps/qxV6mLQoja54aH2t9
57,خانه ملک,استان تهران,تهران,,https://goo.gl/maps/sW3aBTF2piJC1nys7
58,دبیرستان انوشیروان دادگر,استان تهران,تهران,,
59,تپه باستانی یقه,استان تهران,رباط کریم,,
60,خانه موتمن الاطبا,استان تهران,تهران,,https://goo.gl/maps/XRjb3QhKzDhoqbGA6
61,ورزشگاه تختی تهران,استان تهران,تهران,,"https://www.google.com/maps/place/Takhti+Stadium/@35.6701775,51.5094611,17z/data=!3m1!4b1!4m6!3m5!1s0x3f91e2d2d9c0c475:0x3b397f110a7078b4!8m2!3d35.6701732!4d51.5120414!16zL20vMGJkanI4!5m1!1e1?authuser=0&entry=ttu&g_ep=EgoyMDI0MTAwOS4wIKXMDSoASAFQAw%3D%3D"
62,موزه دکتر معین,استان تهران,تهران,,https://goo.gl/maps/z9YxE1CAKMjtyMsu5
63,بقعه جوانمرد قصاب,استان تهران,تهران,,
64,دانشگاه تهران,استان تهران,تهران,,
65,قلعه امیرآباد ورامین,استان تهران,ورامین,,
66,کلیسای مریم مقدس تهران,استان تهران,تهران,,https://goo.gl/maps/eBGQwqrX8L7g8Fm39
67,مدرسه دارالفنون,استان تهران,تهران,,
68,عمارت ارباب هرمز (موزه گرافیک ایران),استان تهران,تهران,,https://goo.gl/maps/H6P9MTdMHdFoNKCP9
69,عمارت قزاقخانه تهران,استان تهران,تهران,,
70,برج طغرل ری,استان تهران,تهران,,
71,موزه زمان,استان تهران,تهران,,
72,تئاتر شهر,استان تهران,تهران,,https://goo.gl/maps/GMRQuLrrLKGZ4epf8
73,کاروانسرای خانات تهران,استان تهران,تهران,,https://goo.gl/maps/JnsvbjzLCtiG5M3i6
74,قبرستان دولاب,استان تهران,تهران,,https://goo.gl/maps/7GzkTNqvY4GLo9QX7
75,باغ موزه قصر,استان تهران,تهران,,https://goo.gl/maps/f4cDKV8reWM9SyhM8
76,مجتمع فرهنگی موزه‌ ای سردار آسمانی,استان تهران,تهران,,
77,مرکز خرید تیراژه تهران,استان تهران,تهران,,
78,پاساژ بزرگ پارسيان,استان تهران,تهران,,
79,باغ وحش ارم,استان تهران,تهران,,https://goo.gl/maps/jYX4EfBbPvj5R4UC9
80,آبشار ایگل,استان تهران,لواسان,,https://goo.gl/maps/7cSeLzowjBbx6B9A9
81,خانه و باغ اتحادیه,استان تهران,تهران,,
82,بازار مبل ایران,استان تهران,تهران,,
83,اتاق فرار وست روم,استان تهران,تهران,,
84,خیابان سی تیر,استان تهران,تهران,,https://goo.gl/maps/LcarxQQSLX3FGVGy5
85,گلابدره,استان تهران,تهران,,
86,خیابان پانزده خرداد,استان تهران,تهران,,
87,آبشار رندان,استان تهران,تهران,,https://goo.gl/maps/Qr2VmJRMscFwpUSv5
88,تالار وحدت تهران,استان تهران,تهران,,https://goo.gl/maps/AbuLX5wmjyMTzjBf6
89,سبزه میدان تهران,استان تهران,تهران,,
90,هیومن پارک,استان تهران,تهران,,https://goo.gl/maps/2TdNATyacZ8YvinS9
91,بازار بین الحرمین تهران,استان تهران,تهران,,
92,موزه فرش ایران,استان تهران,تهران,,https://goo.gl/maps/ySP5TiLy1kNtZh3M7
93,گنبد مینا,استان تهران,تهران,,https://maps.app.goo.gl/t1g5H4HCJqXqdFNY9
94,مرکز خرید آرین,استان تهران,تهران,,
95,بازارچه صفویه,استان تهران,تهران,,
96,روستای زرنان,استان تهران,تهران,,
97,موزه هنرهای دینی امام علی (ع),استان تهران,تهران,,https://goo.gl/maps/2RLa8mw2B3wZAFvS6
98,فروشگاه بی بی سنتر تهران,استان تهران,تهران,,
99,کوچه طوطی,استان تهران,تهران,,
100,بازار نصر تهران,استان تهران,تهران,,
101,دکه کتاب خیام,استان تهران,تهران,,
102,مجموعه مایندر اسکیپ,استان تهران,تهران,,
103,موزه عبرت,استان تهران,تهران,,
104,اقیانوس پارک,استان تهران,تهران,,https://goo.gl/maps/DBYBsdAJukZTuXmt7
105,دارآباد,استان تهران,تهران,,"https://www.google.com/maps/place/Dar+Abad,+Tehran,+Tehran+Province,+Iran/@35.8189223,51.4867182,16z/data=!3m1!4b1!4m14!1m7!3m6!1s0x3f8e053e1d0a1b13:0x5597108bfd807849!2z2K_Yp9ix2KLYqNin2K8!8m2!3d35.8181485!4d51.4940863!16s%2Fg%2F1tzzs_5f!3m5!1s0x3f8e0515a6e597a5:0xe284a005fa142e84!8m2!3d35.8187216!4d51.4913579!16s%2Fg%2F119vccs3n?entry=ttu&g_ep=EgoyMDI0MTEyNC4xIKXMDSoASAFQAw%3D%3D"
106,مجتمع تجاری هروی سنتر,استان تهران,تهران,,https://goo.gl/maps/Sg9HcPyUhWXDYYBNA
107,موزه علوم و فناوری ایران,استان تهران,تهران,,https://goo.gl/maps/C42TMFviy4Jo2Mm38
108,پاتیناژ ایران مال,استان تهران,تهران,,https://goo.gl/maps/hT57wPS2u59N15vTA
109,فرودگاه امام خمینی,استان تهران,رباط کریم,,
110,گالری شیرین,استان تهران,تهران,,
111,موزه نقشه تهران,استان تهران,تهران,,https://maps.app.goo.gl/hayqrsjTdzacXwRYA
112,امامزاده عینعلی و زینعلی,استان تهران,تهران,,
113,تنگه واشی,استان تهران,فیروزکوه,,https://maps.app.goo.gl/QfLQinnL1kzHbYar9
114,کوچه مهرناز,استان تهران,تهران,,https://goo.gl/maps/vhauvGPVFhpnA7bA8
115,امامزاده حسن تهران,استان تهران,تهران,,https://goo.gl/maps/q3jyLNP1W8cjd6448
116,کوچه لولاگر,استان تهران,تهران,,https://goo.gl/maps/ZSF9bC7cJbhr4kYUA
117,کاخ شهربانی,استان تهران,تهران,,https://goo.gl/maps/nagvQXdJ1Ljxn4zC9
118,مجموعه نمایشگاهی شهر آفتاب,استان تهران,تهران,,https://goo.gl/maps/mmpXLbuHXG4sYrpXA
119,دشت هویج,استان تهران,تهران,,https://goo.gl/maps/3i4dkVgfL3ft1qwd7
120,مجتمع کامپیوتر پایتخت,استان تهران,تهران,,
121,موزه عروسک ‌های ملل,استان تهران,تهران,,https://goo.gl/maps/Pgni7L67jUCvL87y6
122,مرکز خرید ونک تهران,استان تهران,تهران,,https://goo.gl/maps/SmKpkHqoVRUWJtmP9
123,پارک کوهسار,استان تهران,تهران,,https://goo.gl/maps/ts7cvEzYgEwuh7fC9
124,باغ موزه هنر ایرانی,استان تهران,تهران,,
125,مجتمع تجاری پرواز,استان تهران,تهران,,
126,هدیش مال,استان تهران,تهران,,
127,خیابان ناصر خسرو تهران,استان تهران,تهران,,
128,مرکز خرید ارگ,استان تهران,تهران,,https://goo.gl/maps/nh9iqhyKwn1kC1Zf7
129,پارک دانشجو,استان تهران,تهران,,
130,پارک هنرمندان (پارک ایرانشهر),استان تهران,تهران,,
131,غار موزه وزیری,استان تهران,لواسان,,
132,پارک شریعتی تهران (پارک کوروش),استان تهران,تهران,,
133,میدان انقلاب تهران,استان تهران,تهران,,https://maps.app.goo.gl/CWhiv34w6CAntsE28
134,پله های خیابان ولیعصر,استان تهران,تهران,,
135,مجتمع تجاری رز میرداماد,استان تهران,تهران,,
136,آبشار کفترلو,استان تهران,لواسان,,
137,مرکز خرید تندیس,استان تهران,تهران,,https://goo.gl/maps/GMhwA1JU8xqSvEZ77
138,بازار کتاب فروزنده,استان تهران,تهران,,
139,فرودگاه مهرآباد,استان تهران,تهران,,
140,گالری پروژه‌ های آران,استان تهران,تهران,,
141,شهرک سینمایی غزالی,استان تهران,تهران,,
142,باغ موزه مینیاتور تهران,استان تهران,تهران,,
143,روستای هرانده,استان تهران,فیروزکوه,,https://goo.gl/maps/NNRDufDhbc4UxKCdA
144,پل ابریشم تهران,استان تهران,تهران,,
145,پاساژ قائم تهران,استان تهران,تهران,,https://goo.gl/maps/y4Tdi9XwzMsgBsC39
146,پارک شهرآرا تهران,استان تهران,تهران,,
147,پارک ستارخان تهران,استان تهران,تهران,,
148,مرکز خرید اسکان تهران,استان تهران,تهران,,
149,باغ‌ گیاه‌ شناسی ملی ایران,استان تهران,تهران,,https://goo.gl/maps/yu8DYDFzsuN7Q6yDA
150,باغ ایرانی تهران,استان تهران,تهران,,https://maps.app.goo.gl/8yoNQGQZQRz2M3En9
151,چهارراه ولیعصر,استان تهران,تهران,,
152,مرکز خرید گلدیس,استان تهران,تهران,,
153,موزه ملی تاریخ علوم پزشکی ایران,استان تهران,تهران,,https://goo.gl/maps/QyUYzpRPtPFpmFc26
154,پارک ملی سرخه حصار,استان تهران,تهران,,https://goo.gl/maps/sxUtg6jQd4ANXRvw8
155,پارک گفتگو,استان تهران,تهران,,https://goo.gl/maps/hhe7CALamqRTnFYc9
156,دریاچه های تار و هویر,استان تهران,دماوند,,
157,پارک اندیشه,استان تهران,تهران,,https://goo.gl/maps/tVS1efyvdqkEco9Z9
158,مرکز تجاری گلستان تهران,استان تهران,تهران,,https://goo.gl/maps/1ddYLg4LYa2WGgHw6
159,مرکز خرید سامان تهران,استان تهران,تهران,,
160,پارک گلبرگ,استان تهران,تهران,,
161,پاساژ علاالدین,استان تهران,تهران,,"https://www.google.com/maps/search/%D9%BE%D8%A7%D8%B3%D8%A7%DA%98+%D8%B9%D9%84%D8%A7%D8%A7%D9%84%D8%AF%DB%8C%D9%86%E2%80%AD/@35.694318,51.4069984,17z/data=!3m1!4b1?hl=en"
162,بوستان بهشت مادران,استان تهران,تهران,,
163,پارک ژوراسیک تهران,استان تهران,تهران,,https://goo.gl/maps/DbzxJ4ZLefqbMcUSA
164,سد لتیان,استان تهران,تهران,,https://goo.gl/maps/8g6QNcUmeRMZE1yZ9
165,رویا پارک,استان تهران,تهران,,https://goo.gl/maps/SxAv5U2BJoMDQybE8
166,روستای سله بن,استان تهران,فیروزکوه,,https://goo.gl/maps/euVAiUnjBhdJRH4p9
167,روستای آبنیک,استان تهران,فشم,,https://goo.gl/maps/LDp3aKjNsvqPbc527
168,مرکز خرید خورشید تهران,استان تهران,تهران,,
169,سورتمه تهران,استان تهران,تهران,,https://goo.gl/maps/h7sq3rEE9bBorD4s7
170,کیوب کلاب,استان تهران,تهران,,
171,حرم امام رضا (ع),خراسان رضوی,مشهد,,
172,خانه داروغه,خراسان رضوی,مشهد,,https://goo.gl/maps/pmEgbwuvUaxA6ntBA
173,خانه توکلی مشهد,خراسان رضوی,مشهد,,
174,باغ ملی مشهد,خراسان رضوی,مشهد,,
175,جنگل جیغ,خراسان رضوی,مشهد,,"https://www.google.com/maps/place/Scream+forest/@36.1748031,59.4166374,16z/data=!4m15!1m8!3m7!1s0x3f6cea57dfd6065b:0x6d5b5fa64427d31f!2sSarborj,+Razavi+Khorasan+Province,+Iran!3b1!8m2!3d36.1751376!4d59.4253227!16s%2Fm%2F0knsx5k!3m5!1s0x3f6ceb2d407c232d:0x19475c5b150e5156!8m2!3d36.1751167!4d59.4210718!16s%2Fg%2F11s69tzbs4?entry=ttu"
176,چالیدره,خراسان رضوی,مشهد,,https://goo.gl/maps/DyFbKU1dJ1WNKuYF6
177,پارک ملت مشهد,خراسان رضوی,مشهد,,https://goo.gl/maps/QF6gttXzkxaDxeDS9
178,طرقبه,خراسان رضوی,مشهد,,https://goo.gl/maps/wuZfZjfL5c5BLEL3A
179,آرامگاه فردوسی,خراسان رضوی,مشهد,,https://maps.app.goo.gl/VSNNXM9AKkYBoFaf9
180,پارک کوهسنگی,خراسان رضوی,مشهد,,https://goo.gl/maps/7dTYV4yLEvdX99CV7
181,سرزمین موج های آبی,خراسان رضوی,مشهد,,https://goo.gl/maps/ff1TpvzWimpvQ92v7
182,پارک وکیل آباد,خراسان رضوی,مشهد,,https://goo.gl/maps/2XzH83NKwz5WtieX6
183,بازار رضا مشهد,خراسان رضوی,مشهد,,
184,مسجد گوهرشاد,خراسان رضوی,مشهد,,https://goo.gl/maps/LF942T3fBsAQ5UfDA
185,باغ مشهد,خراسان رضوی,مشهد,,
186,پارک علمی پروفسور بازیما,خراسان رضوی,مشهد,,https://goo.gl/maps/s9iJy4pSmPu38m1ZA
187,بوستان مینیاتوری مشهد,خراسان رضوی,مشهد,,https://goo.gl/maps/pDcQGprKKgksxhUy8
188,آرامگاه نادرشاه افشار,خراسان رضوی,مشهد,,
189,موزه‌ های آستان قدس رضوی,خراسان رضوی,مشهد,,https://goo.gl/maps/spgCTRt9rPBJp1J88
190,مسجد جامع نیشابور,خراسان رضوی,نیشابور,,https://maps.app.goo.gl/TtmFfjx8bRymetkA8
191,کاروانسرای فرامرز خان,خراسان رضوی,سبزوار,,
192,کاروانسرای شاه عباسی نیشابور,خراسان رضوی,نیشابور,,https://maps.app.goo.gl/qczDB9t8GfZ1KTnKA
193,آرامگاه کمال الملک,خراسان رضوی,نیشابور,,https://maps.app.goo.gl/9ZYeY6a1gSi9sUScA
194,آرامگاه نادرشاه افشار,خراسان رضوی,مشهد,,
195,آرامگاه پیر پالاندوز,خراسان رضوی,مشهد,,https://goo.gl/maps/6u4aVNdmKQpTAw9Q6
196,حمام شاه مشهد (موزه مردم شناسی مشهد),خراسان رضوی,مشهد,,https://goo.gl/maps/kzdTjdJG3oiK9fQ79
197,میل اخنگان,خراسان رضوی,مشهد,,
198,فرهنگسرای بهشت,خراسان رضوی,مشهد,,
199,بند فریمان,خراسان رضوی,فریمان,,
200,مقبره خواجه ربیع,خراسان رضوی,مشهد,,
201,قدمگاه امام رضا (ع),خراسان رضوی,نیشابور,,
202,باغ و عمارت امین الاسلامی,خراسان رضوی,نیشابور,,
203,گنبد سبز مشهد,خراسان رضوی,مشهد,,
204,كلیسای مسروپ قدس,خراسان رضوی,مشهد,,
205,مسجد ۷۲ تن,خراسان رضوی,مشهد,,https://goo.gl/maps/7FRLLbgPaRQzAwwX7
206,گنبد خشتی,خراسان رضوی,مشهد,,
207,مصلی تاریخی سبزوار ,خراسان رضوی,سبزوار,,
208,باغ خونی,خراسان رضوی,مشهد,,
209,بند گلستان,خراسان رضوی,مشهد,,
210,خانه اردکانی مشهد,خراسان رضوی,مشهد,,
211,دهکده چوبی نیشابور,خراسان رضوی,نیشابور,,https://goo.gl/maps/nFbZMgHtcLuJRqCSA
212,خانه وارونه الماس,خراسان رضوی,مشهد,,
213,مرکز خرید آرمان,خراسان رضوی,مشهد,,
214,موزه‌ های آستان قدس رضوی,خراسان رضوی,مشهد,,https://goo.gl/maps/spgCTRt9rPBJp1J88
215,برج تجاری آرمیتاژ گلشن,خراسان رضوی,مشهد,,https://goo.gl/maps/o3sSkXTQqaNdw4pRA
216,آبشار رود معجن,خراسان رضوی,تربت حیدریه,,
217,انگاریوم دانشگاه فردوسی مشهد,خراسان رضوی,مشهد,,
218,پارک جنگلی پیشکوه,خراسان رضوی,تربت حیدریه,,
219,منطقه گردشگری رودخانه حصار,خراسان رضوی,تربت حیدریه,,
220,مجتمع تجاری مروارید شرق,خراسان رضوی,مشهد,,
221,قله ملکوه,خراسان رضوی,تربت حیدریه,,
222,باغ ملی تربت حیدریه,خراسان رضوی,تربت حیدریه,,
223,کوشک سلامی (کوشک سلامه),خراسان رضوی,خواف,,
224,مجتمع طلا و جواهر لیدوما,خراسان رضوی,مشهد,,
225,آبشار ارتکند,خراسان رضوی,کلات نادری,,https://maps.app.goo.gl/MJbt44nb2hinrnah7
226,آبشار بوژان,خراسان رضوی,نیشابور,,
227,آرامگاه خواجه اباصلت,خراسان رضوی,مشهد,,
228,موزه شه لافتی (موزه آیین های پهلوانی),خراسان رضوی,مشهد,,https://goo.gl/maps/FG8k2XJmRQfktj2e9
229,مجتمع تجاری الماس شرق,خراسان رضوی,مشهد,,
230,مرکز خرید پروما,خراسان رضوی,مشهد,,
231,آرامگاه شیخ بهایی,خراسان رضوی,مشهد,,
232,مجتمع تجاری زیست خاور,خراسان رضوی,مشهد,,
233,برج آلتون,خراسان رضوی,مشهد,,
234,باغ مشهد,خراسان رضوی,مشهد,,
235,فرودگاه مشهد,خراسان رضوی,مشهد,,
236,سد کارده,خراسان رضوی,مشهد,,
237,افلاک نمای خیام نیشابور,خراسان رضوی,نیشابور,,
238,مرکز خرید کاسپین مد,خراسان رضوی,مشهد,,
239,رباط سمنگان,خراسان رضوی,فریمان,,
240,چشمه گراب,خراسان رضوی,مشهد,,
241,آبشار آبگرم کلات,خراسان رضوی,مشهد,,
242,پارک موزه علوم زمین مشهد,خراسان رضوی,مشهد,,
243,موزه نان مشهد,خراسان رضوی,مشهد,,https://goo.gl/maps/mjYv2CYr8tzuxw1w9
244,بازار بزرگ اطلس,خراسان رضوی,مشهد,,
245,مجتمع تجاری وصال,خراسان رضوی,مشهد,,
246,غار مغان,خراسان رضوی,مشهد,,
247,بازار گوهرشاد,خراسان رضوی,مشهد,,
248,بازار طلافروشان مشهد,خراسان رضوی,مشهد,,
249,رود اترک,خراسان رضوی,قوچان,,
250,موزه بزرگ خراسان,خراسان رضوی,مشهد,,
251,مرکز خرید فردوسی,خراسان رضوی,مشهد,,
252,باغ وحش وکیل آباد,خراسان رضوی,مشهد,,https://goo.gl/maps/4u4vKpBU4TfysQgR7
253,پارک علمی پروفسور بازیما,خراسان رضوی,مشهد,,https://goo.gl/maps/s9iJy4pSmPu38m1ZA
254,بازار عباس قلی خان,خراسان رضوی,مشهد,,
255,قبرستان ارامنه مشهد,خراسان رضوی,مشهد,,
256,پارک آبی ایرانیان,خراسان رضوی,مشهد,,
257,بوستان مینیاتوری مشهد,خراسان رضوی,مشهد,,https://goo.gl/maps/pDcQGprKKgksxhUy8
258,مجتمع نصر,خراسان رضوی,مشهد,,
259,میدان نقش جهان,استان اصفهان,اصفهان,,
260,عمارت عالی قاپو,استان اصفهان,اصفهان,,https://goo.gl/maps/4TfaPzfwgntVeVyr8
261,مسجد شیخ لطف الله,استان اصفهان,اصفهان,,
262,مسجد امام اصفهان,استان اصفهان,اصفهان,,
263,مسجد جامع اصفهان,استان اصفهان,اصفهان,,
264,پل خواجو,استان اصفهان,اصفهان,,
265,کلیسای وانک,استان اصفهان,اصفهان,,https://goo.gl/maps/kaDtLSqPfXufHjzj7
266,سی و سه پل,استان اصفهان,اصفهان,,https://goo.gl/maps/FBef9J8ysHza9STc9
267,کاخ چهلستون اصفهان,استان اصفهان,اصفهان,,
268,بازار قیصریه,استان اصفهان,اصفهان,,
269,باغ پرندگان اصفهان,استان اصفهان,اصفهان,,https://maps.app.goo.gl/ouvWVWa2vdMihJA4A
270,کویر مرنجاب,استان اصفهان,آران و بیدگل,,https://goo.gl/maps/3t7CC6t7cRgiosvJA
271,روستای ابیانه,استان اصفهان,کاشان,,
272,چهارباغ عباسی,استان اصفهان,اصفهان,,https://goo.gl/maps/dda4yJE7qdqXjTyG7
273,کویر مصر,استان اصفهان,روستای مصر,,
274,کویر ورزنه,استان اصفهان,ورزنه,,https://goo.gl/maps/kYo7mY7oXhyJDrRo9
275,کویر ابوزید آباد,استان اصفهان,کاشان,,https://goo.gl/maps/VRwxyB4LjtNhyqqF9
276,منارجنبان اصفهان,استان اصفهان,اصفهان,,
277,کاخ هشت ‌بهشت,استان اصفهان,اصفهان,,https://goo.gl/maps/XBsgS3WAJva4xMG57
278,منارجنبان اصفهان,استان اصفهان,اصفهان,,
279,کوه صفه,استان اصفهان,اصفهان,,https://goo.gl/maps/gzcdJaJb3qxKuvXG6
280,کویر ابوزید آباد,استان اصفهان,کاشان,,https://goo.gl/maps/VRwxyB4LjtNhyqqF9
281,کویر ورزنه,استان اصفهان,ورزنه,,https://goo.gl/maps/kYo7mY7oXhyJDrRo9
282,کویر مصر,استان اصفهان,روستای مصر,,
283,حمام شیخ بهائی,استان اصفهان,اصفهان,,https://goo.gl/maps/mEAYpLRuTMhCf3ga9
284,باغ گل های اصفهان,استان اصفهان,اصفهان,,
285,خانه جواهری,استان اصفهان,اصفهان,,
286,حمام قاضی,استان اصفهان,اصفهان,,
287,مزار یوشع پیامبر,استان اصفهان,اصفهان,,
288,زاینده رود,استان اصفهان,اصفهان,,https://goo.gl/maps/LnCRRqxDMVHgNHGDA
289,حمام علی قلی آقا,استان اصفهان,اصفهان,,
290,برج کبوتر گورت,استان اصفهان,اصفهان,,
291,برج کبوتر مرداویج,استان اصفهان,اصفهان,,
292,موزه‌ تاریخ طبیعی اصفهان,استان اصفهان,اصفهان,,
293,خانه معتمدی (خانه ملاباشی),استان اصفهان,اصفهان,,
294,آکواریوم اصفهان,استان اصفهان,اصفهان,,https://maps.app.goo.gl/o6MVjpgedanA7Knp8
295,باغ فین,استان اصفهان,کاشان,,
296,خانه تاریخی طباطبایی ها,استان اصفهان,کاشان,,https://goo.gl/maps/moUZyF16pSHDv9Ha7
297,قبرستان تخت فولاد,استان اصفهان,اصفهان,,https://goo.gl/maps/o9P6RT2rJ2JWbSCy5
298,شهر زیرزمینی نوش آباد,استان اصفهان,کاشان,,
299,تپه سیلک,استان اصفهان,کاشان,,
300,خانه تاریخی بروجردی‌ ها,استان اصفهان,کاشان,,https://goo.gl/maps/KXv6xK9CGvobayXu6
301,تیمچه امین الدوله,استان اصفهان,کاشان,,https://goo.gl/maps/t35KDfgXg5smoivC6
302,مسجد و مدرسه آقا بزرگ کاشان,استان اصفهان,کاشان,,https://goo.gl/maps/pHsX4MkLaSbD5PZ37
303,عصارخانه شاهی,استان اصفهان,اصفهان,,https://goo.gl/maps/fF2HtZa9HSjQvHcL6
304,بازار کاشان,استان اصفهان,کاشان,,
305,آتشگاه اصفهان,استان اصفهان,اصفهان,,
306,آبشار سمیرم,استان اصفهان,سمیرم,,https://goo.gl/maps/JnzuoEqfui1AdTJY6
307,نارین قلعه نایین,استان اصفهان,نایین,,
308,حمام سلطان امیر احمد,استان اصفهان,کاشان,,https://goo.gl/maps/j94UbzW5qr3Py7VS9
309,چهارطاقی نیاسر (آتشکده نیاسر),استان اصفهان,کاشان,,https://goo.gl/maps/KXv6xK9CGvobayXu6
310,مسجد جامع کاشان,استان اصفهان,کاشان,,
311,مسجد حکیم (جورجیر) اصفهان,استان اصفهان,اصفهان,,
312,خانه تاریخی دهدشتی,استان اصفهان,اصفهان,,
313,پل شهرستان اصفهان,استان اصفهان,اصفهان,,
314,مناره‌ های دارالضیافه,استان اصفهان,اصفهان,,https://goo.gl/maps/nEzUP78cvPNhpHRw9
315,آتشکده هارپاک,استان اصفهان,کاشان,,
316,زر چشمه,استان اصفهان,شهرضا,,
317,مجتمع پارک,استان اصفهان,اصفهان,,
318,امامزاده آقا علی عباس و سید محمد (ع),استان اصفهان,نطنز,,
319,موزه موسیقی اصفهان,استان اصفهان,اصفهان,,https://goo.gl/maps/Z4kqdhTtvW7HkaSZA
320,قلعه شاه‌ دژ,استان اصفهان,اصفهان,,https://goo.gl/maps/i4vieCMSh73L9xkeA
321,کویر بند ریگ,استان اصفهان,آران و بیدگل,,
322,موزه اسباب بازی و خیمه شب بازی,استان اصفهان,کاشان,,
323,بازار هنر,استان اصفهان,اصفهان,,
324,مسجد مدرسه سلطانی,استان اصفهان,کاشان,,
325,مجموعه تفریحی –گردشگری شاهین‌ شهر,استان اصفهان,شاهین شهر,,
326,مرکز بازی و شادی کاشان,استان اصفهان,کاشان,,
327,امامزاده سلطان امیر احمد,استان اصفهان,کاشان,,
328,نمکزار چاه کنجه,استان اصفهان,آران و بیدگل,,
329,محله افوشته,استان اصفهان,نطنز,,
330,اصفهان سیتی سنتر,استان اصفهان,اصفهان,,https://goo.gl/maps/dWzPhTG3sAqc5Wrr8
331,انگورستان ملک,استان اصفهان,اصفهان,,
332,موزه هنرهای تزیینی اصفهان,استان اصفهان,اصفهان,,
333,مجتمع تجاری کوثر,استان اصفهان,اصفهان,,
334,امامزاده محمد هلال بن علی,استان اصفهان,آران و بیدگل,,
335,پل چوبی اصفهان,استان اصفهان,اصفهان,,
336,مسجد سید اصفهان,استان اصفهان,اصفهان,,
337,شهر رویاها اصفهان,استان اصفهان,اصفهان,,https://goo.gl/maps/56C7qmXZtYBmHrcM8
338,آبشار نیاسر,استان اصفهان,کاشان,,
339,سبزه میدان اصفهان,استان اصفهان,اصفهان,,https://maps.app.goo.gl/eoqvQhfM25FVbLQeA
340,پارک جنگلی ناژوان,استان اصفهان,اصفهان,,https://goo.gl/maps/vhFggtVzy5Ce7UDd9
341,کوه کرکس,استان اصفهان,کاشان,,
342,موزه‌ هنرهای معاصر اصفهان,استان اصفهان,اصفهان,,
343,خانه قزوینی ها,استان اصفهان,اصفهان,,
344,مسجد صفوی میرعماد,استان اصفهان,کاشان,,
345,چشمه ‌های باداب سورت,مازندران,ساری,,https://goo.gl/maps/WDkn24haGt62Xj4A6
346,روستای فیلبند,مازندران,بابل,,https://goo.gl/maps/LJfFjJoEHcZQqXxS9
347,جاده چالوس,مازندران,چالوس,,https://goo.gl/maps/7iQEztfokqfCsDrDA
348,پل ورسک,مازندران,سوادکوه,,
349,مجموعه تاریخی عباس آباد,مازندران,بهشهر,,https://goo.gl/maps/goUUBz7WED1no4Ub8
350,تله کابین نمک آبرود,مازندران,نمک آبرود,,https://maps.app.goo.gl/Ye9v9d5vLHjQPtQa6
351,دریاچه الیمالات,مازندران,نور,,
352,جنگل دو هزار و سه هزار,مازندران,تنکابن,,https://goo.gl/maps/647joRTcX6JsLhnZ6
353,روستای جواهرده,مازندران,رامسر,,
354,آبشار آب پری,مازندران,نور,,
355,تله کابین رامسر,مازندران,رامسر,,https://maps.app.goo.gl/pmrpkbbQ9ckPMDAr9
356,دشت لار,مازندران,آمل,,https://goo.gl/maps/QS4yE2oisJqJ1KZf7
357,جاده کلاردشت عباس آباد,مازندران,کلاردشت,,
358,دریاچه ارواح,مازندران,نوشهر,,https://goo.gl/maps/3DonsDZK7igyCVdu6
359,مرداب هسل,مازندران,چالوس,,https://goo.gl/maps/h732THxyJtKXm5Pp9
360,دریاچه چورت,مازندران,ساری,,https://goo.gl/maps/RTkfVCvERmkDa5Yy7
361,آلاشت,مازندران,سوادکوه,,https://goo.gl/maps/EmZk29NZ2jPWHF1JA
362,جاده هراز,مازندران,آمل,,https://goo.gl/maps/dAjEQQH9JzJP7tmb9
363,منطقه حفاظت شده دشت ناز,مازندران,ساری,,https://goo.gl/maps/eXCN61rNYdJzquzW7
364,سد سلیمان تنگه,مازندران,ساری,,https://goo.gl/maps/P3J2JhjjEDvCGdpr9
365,جنگل راش سنگده,مازندران,سوادکوه,,
366,پارک جنگلی نور,مازندران,نور,,https://maps.app.goo.gl/d8hxPznwHWq59ccD7
367,آبشار گزو,مازندران,سوادکوه,,https://goo.gl/maps/xcRMXbXfNLztYs2XA
368,جنگل لفور بابل,مازندران,سوادکوه,,
369,جنگل سیسنگان,مازندران,نوشهر,,https://goo.gl/maps/UmsQQFuPefrvmJen7
370,دریاچه الندان,مازندران,ساری,,https://goo.gl/maps/FfkMCTT7XgHDt4Cq7
371,رودخانه پلنگ دره,مازندران,سوادکوه,,https://goo.gl/maps/6D9FgHE9KJ8wQ3Pm7
372,پارک جنگلی چالدره,مازندران,تنکابن,,https://goo.gl/maps/rwsccBFBa3mGruxy6
373,تالاب میانکاله,مازندران,بهشهر,,https://goo.gl/maps/zUpvZzsmgW9akGwV8
374,دریاچه ولشت,مازندران,کلاردشت,,
375,آبشار ترز,مازندران,سوادکوه,,https://goo.gl/maps/ErQvpkpDh5UyKcmb8
376,منطقه حفاظت شده هزار جریب,مازندران,بهشهر,,
377,هفت آبشار تیرکن,مازندران,بابل,,https://goo.gl/maps/kj9UmeBeRedcQVCy8
378,آبشار بولا,مازندران,ساری,,https://goo.gl/maps/gukhdLhF5tpSdkZQ7
379,قلعه مارکوه,مازندران,تنکابن,,https://goo.gl/maps/YmRsspGBLdgQGN4K6
380,خانه نیما یوشیج,مازندران,بلده,,https://maps.app.goo.gl/FdgQxX4GcTsAu5a69
381,غار باستانی هوتو کمربند,مازندران,بهشهر,,
382,سایت موزه گوهرتپه,مازندران,بهشهر,,
383,پل معلق بابلسر,مازندران,بابلسر,,
384,باغ گیاه شناسی نوشهر,مازندران,نوشهر,,
385,امامزاده عباس ساری,مازندران,ساری,,
386,امامزاده یحیی ساری,مازندران,ساری,,
387,مسجد جامع ساری,مازندران,ساری,,
388,برج لاجیم,مازندران,سوادکوه,,
389,کاخ مرمر رامسر,مازندران,رامسر,,https://goo.gl/maps/hsUJf7eDe6ffFXTk9
390,دریاچه سد آبیدر,مازندران,نوشهر,,https://goo.gl/maps/iNRqRNY3NsZu8TUZ6
391,سد شیاده,مازندران,بابل,,
392,پارک جنگلی خانیکان (جنگل نیرنگ),مازندران,نوشهر,,
393,پارک جنگلی بزچفت,مازندران,بابل,,https://goo.gl/maps/nARVkF6a5Syc9f858
394,بوستان نیلوفر آبی,مازندران,ساری,,
395,پارک جنگلی میرزا کوچک خان,مازندران,آمل,,
396,آبشار سواسره,مازندران,نور,,
397,مرداب نشتارود,مازندران,تنکابن,,
398,تم پارک نمک آبرود,مازندران,نمک آبرود,,
399,رودخانه بابلرود,مازندران,بابلسر,,
400,آبشار سنگ نو بهشهر,مازندران,بهشهر,,
401,کاخ سلطنتی بابل,مازندران,بابل,,
402,بازار روز نوشهر,مازندران,نوشهر,,
403,مرکز خرید آرامش,مازندران,رامسر,,
404,ساحل فرح آباد,مازندران,ساری,,https://goo.gl/maps/YUAqfXDJbj76z4xe6
405,بازار ترکمن ها,مازندران,ساری,,
406,آبشار سیسنگان,مازندران,نور,,
407,رودخانه تلار,مازندران,قائمشهر,,
408,امامزاده عبدالحق,مازندران,زیرآب,,
409,امامزاده یوسف‌ رضا,مازندران,قائمشهر,,
410,پارک ملل,مازندران,ساری,,
411,بازار سنتی ساری,مازندران,ساری,,
412,پناهگاه حیات وحش سمسکنده,مازندران,ساری,,
413,پارک جنگلی شهید زارع,مازندران,ساری,,
414,فرودگاه دشت ناز ساری,مازندران,ساری,,
415,پارک جنگلی نمک آبرود,مازندران,نمک آبرود,,
416,منطقه نمونه گردشگری سیترا,مازندران,نوشهر,,
417,میدان ساعت ساری,مازندران,ساری,,
418,پل معلق نمک آبرود,مازندران,نمک آبرود,,
419,چشمه آب معدنی قرمرض,مازندران,نکا,,
420,قلعه رودخان,گیلان,فومن,,
421,ماسوله,گیلان,فومن,,https://goo.gl/maps/LEZ1kFQffhowJ3ch7
422,ییلاقات ماسال,گیلان,ماسال,,"https://www.google.com/maps/place/Masal,+Gilan+Province,+Iran/@37.3654936,49.1121129,14z/data=!3m1!4b1!4m6!3m5!1s0x401fca5f052d933f:0xc49eaba9e71b46dd!8m2!3d37.3633264!4d49.1324317!16s%2Fm%2F09gj6gm?entry=ttu"
423,دریاچه سقالکسار,گیلان,رشت,,https://goo.gl/maps/BTnmJZjANSYSaXZp9
424,ییلاق سوباتان,گیلان,تالش,,https://goo.gl/maps/G8puFivpCS17NbuG9
425,گردنه حیران,گیلان,آستارا,,"https://www.google.com/maps/place/%DA%AF%D8%B1%D8%AF%D9%86%D9%87+%D8%AD%DB%8C%D8%B1%D8%A7%D9%86%E2%80%AD/@38.4047355,48.5957378,17z/data=!3m1!4b1!4m6!3m5!1s0x402273b8ff19d099:0x1de19cc930322b7b!8m2!3d38.4047355!4d48.5983127!16s%2Fg%2F11vhqgj674?entry=ttu"
426,اولسبلنگاه,گیلان,ماسال,,"https://www.google.com/maps/place/%D8%A7%D9%88%D9%84%D9%8E%D8%B3%D9%8E%D8%A8%D9%90%D9%84%D9%8E%D9%86%DA%AF%D8%A7%D9%87%E2%80%AD/@37.3101146,49.0305176,12z/data=!4m6!3m5!1s0x401e37543a6395d7:0xa5946810696f15d4!8m2!3d37.3101146!4d48.9604798!16s%2Fg%2F11h7nc6bh4?hl=fa&entry=ttu"
427,جنگل و ساحل گیسوم,گیلان,اسالم,,https://maps.app.goo.gl/55aY4ryEkHjvoMn46
428,جاده اسالم به خلخال,گیلان,اسالم,,
429,تالاب انزلی,گیلان,بندر انزلی,,https://goo.gl/maps/tVcEFv2GosCUP3HP6
430,آبشار ویسادار,گیلان,رضوانشهر,,https://goo.gl/maps/FmSWTdQceXq8MXYY7
431,موزه میراث روستایی گیلان,گیلان,رشت,,https://goo.gl/maps/VPuaZ5zy2Uzsvj1V7
432,مجموعه میدان شهرداری رشت,گیلان,رشت,,https://goo.gl/maps/vnTek9vHiTqUqMgM9
433,ساحل چمخاله,گیلان,چمخاله,,https://goo.gl/maps/jAkiy8jwKd7ZK91m9
434,ییلاق هلودشت,گیلان,املش,,https://goo.gl/maps/xHJgjf4yZQAEJvTw7
435,کلبه وحشت انزلی,گیلان,بندر انزلی,,
436,شیطان کوه,گیلان,لاهیجان,,https://goo.gl/maps/MMRTDG94gKVCPxJE7
437,باغ محتشم رشت,گیلان,رشت,,https://goo.gl/maps/5Xu34w38RKvXn67q8
438,کلبه وحشت انزلی,گیلان,بندر انزلی,,
439,بازار بزرگ رشت‌,گیلان,رشت,,https://goo.gl/maps/vh6SckzTdFCh4Lpt7
440,دریاچه سراوان,گیلان,رشت,,https://goo.gl/maps/yntuaLjgyjxzadNXA
441,ساحل صدف,گیلان,آستارا,,
442,جاده جنگلی سیاهکل,گیلان,سیاهکل,,
443,استخر لاهیجان,گیلان,لاهیجان,,
444,روستای استخرگاه,گیلان,رودبار,,https://goo.gl/maps/9twxDUtV3ZiddPeD8
445,آرامگاه میرزا کوچک خان جنگلی,گیلان,رشت,,
446,پل خشتی پاشاکی,گیلان,لاهیجان,,
447,آبشار ماهی مشو,گیلان,لنگرود,,
448,مجموعه ورزشی و گردشگری دریایی مارینا کاسپین,گیلان,بندر انزلی,,
449,تله کابين لاهیجان,گیلان,لاهیجان,,https://goo.gl/maps/7deuroApbfHFQyP69
450,ییلاق کوربار,گیلان,فومن,,
451,تالاب عینک,گیلان,رشت,,
452,سورتمه حیران,گیلان,آستارا,,
453,تالاب امیر کلایه,گیلان,لاهیجان,,https://goo.gl/maps/DJKRfps3ieCy2b6P9
454,پارک ملت رشت,گیلان,رشت,,https://goo.gl/maps/3XDWHn83dM3mMD5V8
455,سبزه میدان رشت,گیلان,رشت,,https://goo.gl/maps/CUyuqCBy3ed3tfDPA
456,موزه رشت,گیلان,رشت,,
457,مسجد صفی رشت,گیلان,رشت,,
458,هایپر مارکت گیلان مال (دیلمان),گیلان,رشت,,
459,مرکز خرید خاطره,گیلان,بندر انزلی,,
460,بقعه دانای علی,گیلان,رشت,,https://goo.gl/maps/TXK9zfdQd6TUuPuh8
461,کشتی تفریحی میرزا کوچک خان,گیلان,بندر انزلی,,
462,دریاچه عروس,گیلان,رودبار,,https://goo.gl/maps/mbb28cJSHBhFHMHK7
463,میدان مصلی رشت,گیلان,رشت,,
464,آبشار دودوزن,گیلان,فومن,,https://goo.gl/maps/n5oBYyA3nvrjY6JJ6
465,منطقه ییلاقی دوخاله کوه,گیلان,تالش,,
466,چشمه های آب معدنی غازی گوابر و خورتاب,گیلان,سیاهکل,,
467,باغ ارم شیراز,استان فارس,شیراز,,https://maps.app.goo.gl/tiuJyihtNowhZtXy7
468,مسجد نصیر الملک,استان فارس,شیراز,,
469,حافظیه (آرامگاه حافظ),استان فارس,شیراز,,https://goo.gl/maps/e3gbwd42gABWyVJNA
470,تخت جمشید,استان فارس,مرودشت,,https://goo.gl/maps/fKmXDyo7vN32hiCz9
471,عمارت شاپوری,استان فارس,شیراز,,
472,آرامگاه سعدی (سعدیه),استان فارس,شیراز,,
473,مجموعه پاسارگاد,استان فارس,مرودشت,,https://goo.gl/maps/E9htoQJkhVZKyrXUA
474,باغ نارنجستان قوام,استان فارس,شیراز,,https://goo.gl/maps/e3gbwd42gABWyVJNA
475,خانه زینت الملک,استان فارس,شیراز,,https://goo.gl/maps/vTrNyQBoxdtztoMq5
476,مسجد جامع عتیق شیراز,استان فارس,شیراز,,https://goo.gl/maps/jHMa7PeFn47jGJqm7
477,آرامگاه کوروش بزرگ,استان فارس,مرودشت,,
478,بازار وکیل شیراز,استان فارس,شیراز,,https://goo.gl/maps/J3cEiYTwUCJQ8j8k7
479,مسجد وکیل شیراز,استان فارس,شیراز,,
480,بهشت گمشده,استان فارس,مرودشت,,https://goo.gl/maps/nSAYhsKAheppiTuA9
481,شاهچراغ,استان فارس,شیراز,,
482,ارگ کریم خان زند,استان فارس,شیراز,,https://goo.gl/maps/Z56bXN6L9oEPGKJ79
483,باغ دلگشا,استان فارس,شیراز,,https://goo.gl/maps/xyKfKuFPrPkPxWHa8
484,حمام وکیل شیراز,استان فارس,شیراز,,
485,دروازه قرآن شیراز,استان فارس,شیراز,,
486,مسجد مشیر,استان فارس,شیراز,,
487,باغ عفیف آباد شیراز,استان فارس,شیراز,,https://goo.gl/maps/TQgT6b3jFQUC2xpTA
488,آب انبار وکیل شیراز,استان فارس,شیراز,,https://maps.app.goo.gl/9MMgSTxqXGxjMc9t7
489,آرامگاه خواجوی کرمانی,استان فارس,شیراز,,
490,قلعه دختر فیروزآباد,استان فارس,فیروزآباد,,https://goo.gl/maps/KQypW2SPdeptcWLT8
491,آرامگاه بابا کوهی,استان فارس,شیراز,,https://goo.gl/maps/CwaZcG2QHZgH2xhK8
492,سرای مشیر شیراز,استان فارس,شیراز,,https://goo.gl/maps/y5LcpghPxDjTMoPB6
493,موزه موسیقی شیراز (خانه منطقی نژاد),استان فارس,شیراز,,
494,شهر باستانی بيشاپور,استان فارس,کازرون,,https://goo.gl/maps/7MeEv2S6jKvyXKJk8
495,خانه سعادت (موزه خاتم),استان فارس,شیراز,,
496,نقش شاپور داراب,استان فارس,داراب,,
497,مسجد جامع داراب,استان فارس,داراب,,https://goo.gl/maps/e55Bv3FYWCPVWT958
498,نقش رستم,استان فارس,مرودشت,,https://goo.gl/maps/M3PgKZC1mBz9kSQU7
499,خانه فروغ الملک (موزه هنر مشکین فام),استان فارس,شیراز,,
500,آتشکده آذرخش,استان فارس,داراب,,https://goo.gl/maps/MdfBLnShAPgybREH6
501,موزه پارس شیراز,استان فارس,شیراز,,
502,مسجد نو شیراز,استان فارس,شیراز,,
503,تنگه رغز,استان فارس,داراب,,"https://www.google.com/maps/dir/%D8%B4%DB%8C%D8%B1%D8%A7%D8%B2%D8%8C+%D8%A7%D8%B3%D8%AA%D8%A7%D9%86+%D9%81%D8%A7%D8%B1%D8%B3%E2%80%AD/%D8%A7%D8%B3%D8%AA%D8%A7%D9%86+%D9%81%D8%A7%D8%B1%D8%B3%D8%8C+%D8%AF%D8%A7%D8%B1%D8%A7%D8%A8%D8%8C+Darab-Hajiabad+Rd,+%D8%AA%D9%86%DA%AF+%D8%B1%D8%BA%D8%B2%D8%8C+%D8%A7%DB%8C%D8%B1%D8%A7%D9%86%E2%80%AD/@29.1454377,53.4167209,10.25z/data=!4m13!4m12!1m5!1m1!1s0x3fb20d0c8c85f2e3:0x6d0c5b8aef6b4cf6!2m2!1d52.5835646!2d29.5926119!1m5!1m1!1s0x3e54962d9c96fce7:0x2044f2985fadb6a3!2m2!1d54.3060203!2d28.8437718?hl=fa"
504,آبشار مارگون,استان فارس,سپیدان,,
505,روستای قلات,استان فارس,شیراز,,https://goo.gl/maps/e4nKXHA4hm3NkrMy8
506,باغ جنت شیراز,استان فارس,شیراز,,
507,غار شاپور,استان فارس,کازرون,,https://goo.gl/maps/7MeEv2S6jKvyXKJk8
508,پاساژ شهر شب,استان فارس,شیراز,,
509,باغ موزه هفت تنان,استان فارس,شیراز,,
510,موزه رادیو شیراز,استان فارس,شیراز,,
511,گهواره دید شیراز,استان فارس,شیراز,,
512,آتشکده کازرون,استان فارس,کازرون,,
513,باغ جهان‌ نما,استان فارس,شیراز,,https://goo.gl/maps/WeAxe8eN8kdQ3MRb8
514,مجتمع خلیج فارس شیراز,استان فارس,شیراز,,
515,لونا پارک شیراز,استان فارس,شیراز,,https://goo.gl/maps/q69eeFbhhRHyy4nx6
516,باغ ملی شیراز,استان فارس,شیراز,,https://goo.gl/maps/yaaexbj4nUoGArwv8
517,مدرسه خان شیراز,استان فارس,شیراز,,
518,رصدخانه ابوریحان بیرونی,استان فارس,شیراز,,
519,بازار انقلاب,استان فارس,شیراز,,
520,مجتمع تجاری ستاره فارس,استان فارس,شیراز,,
521,آستان شاهزاده قاسم,استان فارس,فسا,,
522,دشت ارژن,استان فارس,شیراز,,https://maps.app.goo.gl/X2FFdMBdsLmtwkoEA
523,آسیاب سنگی داراب,استان فارس,داراب,,
524,مجتمع تجاری اداری آفتاب فارس,استان فارس,شیراز,,
525,باتلاق گور بهرام,استان فارس,اقلید,,
526,بازار مسگرهای شیراز,استان فارس,شیراز,,
527,آرامگاه علی بن حمزه,استان فارس,شیراز,,
528,قلعه شکسته,استان فارس,مرودشت,,
529,آبشار آسیاب خرابه,آذربایجان شرقی,جلفا,,https://goo.gl/maps/aDFbWFocN3iJ2p7YA
530,مسجد کبود,آذربایجان شرقی,تبریز,,https://goo.gl/maps/QVxvwSRDKungmgHAA
531,مقبره الشعرا,آذربایجان شرقی,تبریز,,https://goo.gl/maps/KXM7tP22VPYb1MDg7
532,موزه آذربایجان تبریز,آذربایجان شرقی,تبریز,,
533,روستای کندوان,آذربایجان شرقی,اسکو,,https://goo.gl/maps/TwAkCRVMk1D4qzX17
534,ائل گلی,آذربایجان شرقی,تبریز,,https://goo.gl/maps/sLvtpppXWNTDsxtR8
535,قلعه بابک,آذربایجان شرقی,کلیبر,,"https://www.google.com/maps/place/Qarada%C4%9F+protected+area/@38.8725196,46.8201598,12z/data=!4m6!3m5!1s0x4017c89fee050e99:0xf1034861266cc3bb!8m2!3d38.9078564!4d46.8652036!16s%2Fm%2F04047ly?entry=ttu"
536,بازار تبریز,آذربایجان شرقی,تبریز,,
537,خانه پروین اعتصامی,آذربایجان شرقی,تبریز,,https://goo.gl/maps/PUW4fvB7uAxNz3H29
538,کلیسای سنت استپانوس,آذربایجان شرقی,جلفا,,https://goo.gl/maps/XHFUezbH3T6pMytb7
539,خانه اشرف‌ الملوک نبئی وند,آذربایجان شرقی,مراغه,,
540,خانه مشروطه تبریز (موزه مشروطه تبریز),آذربایجان شرقی,تبریز,,https://goo.gl/maps/KjgG9jBJ2AWczhtZ7
541,حمام جلفا,آذربایجان شرقی,جلفا,,https://goo.gl/maps/23B3L7Jtkyi9DoFS9
542,خانه پروین اعتصامی,آذربایجان شرقی,تبریز,,https://goo.gl/maps/PUW4fvB7uAxNz3H29
543,خانه استاد شهریار,آذربایجان شرقی,تبریز,,https://goo.gl/maps/KbwyaadZQL4MNRU56
544,ارگ تبریز,آذربایجان شرقی,تبریز,,https://goo.gl/maps/RmbApP6RK1YFG1hj8
545,باغ فتح آباد تبریز,آذربایجان شرقی,تبریز,,https://goo.gl/maps/X8K6ievz1STE7B7b6
546,کوه سهند,آذربایجان شرقی,تبریز,,https://maps.app.goo.gl/du64LfsMHxNqfibL8
547,خانه بلورچیان,آذربایجان شرقی,تبریز,,
548,مدرسه جعفریه تبریز,آذربایجان شرقی,تبریز,,
549,مرکز خرید جواهر تبریز,آذربایجان شرقی,تبریز,,
550,موزه سنگ نگاره های مراغه (مقبره آقالار),آذربایجان شرقی,مراغه,,
551,مرکز خرید اطلس تبریز,آذربایجان شرقی,تبریز,,
552,مرکز خرید میلاد نور ولیعصر تبریز,آذربایجان شرقی,تبریز,,
553,مجتمع تجاری تفریحی رویال تبریز,آذربایجان شرقی,تبریز,,
554,مجتمع تجاری پردیس تبریز,آذربایجان شرقی,تبریز,,
555,فرودگاه تبریز,آذربایجان شرقی,تبریز,,
556,موزه سنجش (خانه سلماسی),آذربایجان شرقی,تبریز,,
557,موزه کاریکاتور تبریز,آذربایجان شرقی,تبریز,,
558,موزه قاجار (خانه امیرنظام گروسی),آذربایجان شرقی,تبریز,,
559,مجتمع تجاری ستاره باران,آذربایجان شرقی,تبریز,,
560,موزه‌ ایلخانی مراغه,آذربایجان شرقی,مراغه,,
561,رودخانه صوفی چای مراغه,آذربایجان شرقی,مراغه,,
562,مرکز خرید برج شهر تبریز,آذربایجان شرقی,تبریز,,
563,برج بلور تبریز,آذربایجان شرقی,تبریز,,
564,خیابان تربیت تبریز,آذربایجان شرقی,تبریز,,
565,مرکز خرید والمان تبریز,آذربایجان شرقی,تبریز,,
566,مركز خريد رشديه تبریز,آذربایجان شرقی,تبریز,,
567,خانه اردوبادی,آذربایجان شرقی,تبریز,,
568,بازارچه مرزی جلفا,آذربایجان شرقی,جلفا,,
569,تنگه چاهکوه,هرمزگان,قشم,,https://goo.gl/maps/SFPxdUfwTmovHuMJ8
570,جزیره هنگام,هرمزگان,قشم,,https://goo.gl/maps/yMiyDE6Kn1M9y1yi6
571,روستای لافت,هرمزگان,قشم,,https://goo.gl/maps/J7egsLVz6wJh1MAp7
572,دره ستارگان,هرمزگان,قشم,,
573,جنگل حرا قشم,هرمزگان,قشم,,
574,جزایر ناز,هرمزگان,قشم,,https://goo.gl/maps/RVrqxgJURQFB8Sng9
575,غار خربس,هرمزگان,قشم,,https://goo.gl/maps/9Wb6TLBTGJZKgkww7
576,ژئوپارک قشم,هرمزگان,قشم,,
577,کشتی یونانی کیش,هرمزگان,کیش,,
578,بازار درگهان,هرمزگان,قشم,,
579,آکواریوم کیش,هرمزگان,کیش,,https://goo.gl/maps/LTa2qSUybXWrMAC29
580,قلعه جنی کیش,هرمزگان,کیش,,
581,شهر زیرزمینی کاریز,هرمزگان,کیش,,https://goo.gl/maps/49EvCJZBAWZv8yUq7
582,مرکز خرید دامون,هرمزگان,کیش,,https://goo.gl/maps/qhH2pHkj6dZXuxaD6
583,بازار مرجان کیش,هرمزگان,کیش,,https://goo.gl/maps/eQZ6BWRujTT5NEEq9
584,دره تندیس‌ ها,هرمزگان,قشم,,https://goo.gl/maps/tdLqcbzvwszY42QLA
585,ساحل نقره ای,هرمزگان,قشم,,https://goo.gl/maps/c9ahTK5iyDqLvd747
586,پارک دلفین‌ کیش,هرمزگان,کیش,,https://goo.gl/maps/XFCF6uvUhBYbF4VDA
587,سیتی سنتر قشم,هرمزگان,قشم,,https://goo.gl/maps/rJhhc4EymLDFnrM2A
588,روستای باغو کیش,هرمزگان,کیش,,
589,پارک دلفین‌ کیش,هرمزگان,کیش,,https://goo.gl/maps/XFCF6uvUhBYbF4VDA
590,اسکله تفریحی کیش,هرمزگان,کیش,,
591,روستای باغو کیش,هرمزگان,کیش,,
592,بولینگ مریم کیش,هرمزگان,کیش,,https://goo.gl/maps/ss74n3W5ZX6bgaNo8
593,سیتی سنتر قشم,هرمزگان,قشم,,https://goo.gl/maps/rJhhc4EymLDFnrM2A
594,درخت سبز کیش,هرمزگان,کیش,,https://goo.gl/maps/PRBxD8thVh2fXgf28
595,پارک کروکودیل قشم,هرمزگان,قشم,,https://goo.gl/maps/VTeA8jAaGVrEfua19
596,مسجد جامع اهل سنت بندر عباس (مسجد جامع دلگشا),هرمزگان,بندر عباس,,
597,قلعه پرتغالی‌ های قشم,هرمزگان,قشم,,https://goo.gl/maps/54sR9vXGwbr26oUv7
598,حمام گله‌ داری,هرمزگان,بندر عباس,,https://goo.gl/maps/7Z2JTZUeftHDvFYk6
599,غار نمکدان قشم,هرمزگان,قشم,,https://goo.gl/maps/EnoM1KfEQnDRkpQq8
600,معبد هندوهای بندرعباس,هرمزگان,بندر عباس,,https://goo.gl/maps/CxpSzhk9bm2Ptnse6
601,روستای شیب دراز,هرمزگان,قشم,,https://goo.gl/maps/xuo9oNAR1amw1GV69
602,عمارت کلاه‌ فرنگی بندرعباس,هرمزگان,بندر عباس,,
603,مجموعه ورزشی و گردشگری دریایی مارینا کیش,هرمزگان,کیش,,
604,مرکز خرید مروارید کیش,هرمزگان,کیش,,
605,ساحل درختان نارگیل,هرمزگان,کیش,,
606,پارک زیتون قشم,هرمزگان,قشم,,
607,گذر هنرمندان کیش,هرمزگان,کیش,,
608,پاساژ ایران زمین,هرمزگان,قشم,,
609,بازار اطلس,هرمزگان,قشم,,
610,پارک ساحلی سورو,هرمزگان,بندر عباس,,
611,مسیر دوچرخه‌ سواری کیش,هرمزگان,کیش,,
612,دره پرتغالی‌ ها,هرمزگان,کیش,,
613,قلعه وحشت کیش,هرمزگان,کیش,,
614,مرکز خرید مریم کیش,هرمزگان,کیش,,
615,اوشن پارک کیش,هرمزگان,کیش,,https://goo.gl/maps/ipZfbvYn45h4pNPY8
616,مرکز فلای‌ دامون,هرمزگان,کیش,,
617,بازار قدیم قشم,هرمزگان,قشم,,
618,نمایشگاه خزندگان کیش,هرمزگان,کیش,,
619,بازار سارینا یک کیش,هرمزگان,کیش,,
620,خانه مردم‌ شناسی کیش,هرمزگان,کیش,,
621,بازار پردیس یک کیش,هرمزگان,کیش,,
622,بازار پردیس دو کیش,هرمزگان,کیش,,
623,بازار نخل,هرمزگان,قشم,,
624,کارتینگ کیش,هرمزگان,کیش,,https://goo.gl/maps/ss74n3W5ZX6bgaNo8
625,کلبه هور,هرمزگان,کیش,,
626,امامزاده سید مظفر (ع),هرمزگان,بندر عباس,,
627,پارک کیبل اسکی آکواکوم,هرمزگان,کیش,,
628,پارس سافاری کیش,هرمزگان,کیش,,
629,بازار عرب های کیش,هرمزگان,کیش,,
630,بازار پانیذ کیش,هرمزگان,کیش,,
631,بازار مرکزی سیتی سنتر بندر عباس,هرمزگان,بندر عباس,,
632,پنجشنبه بازار میناب,هرمزگان,میناب,,https://goo.gl/maps/3myybjjxX8c8JgbJ7
633,بازار دیپلمات کیش,هرمزگان,کیش,,
634,مرکز خرید پردیس قشم,هرمزگان,قشم,,https://goo.gl/maps/CceNBHQNd1HohC6K6
635,فرودگاه بین المللی بندرعباس,هرمزگان,بندر عباس,,
636,آب انبار سنتی کیش,هرمزگان,کیش,,
637,مرکز خرید ونوس کیش,هرمزگان,کیش,,
638,مرکز خرید دو دلفین,هرمزگان,قشم,,
639,مجتمع تجاری نور,هرمزگان,قشم,,
640,شهربازی هایلند کیش,هرمزگان,کیش,,https://goo.gl/maps/v4hbtGKwsXsGWGD98
641,بازار صدف,هرمزگان,قشم,,
642,بازار زیتون کیش,هرمزگان,کیش,,
643,مرکز خرید فردوسی,هرمزگان,قشم,,
644,آبشار شوی,خوزستان,دزفول,,https://goo.gl/maps/QKjq95R2d4QvvKq39
645,زیگورات چغازنبیل,خوزستان,شوش,,"https://www.google.com/maps/place/%DA%86%D8%BA%D8%A7%D8%B2%D9%86%D8%A8%DB%8C%D9%84%E2%80%AD/@32.0090545,48.5237571,17z/data=!3m1!4b1!4m5!3m4!1s0x3fc20fb5af2057fb:0x1eddde32c7777f7c!8m2!3d32.0090545!4d48.5215684?hl=fa"
646,دهکده زراس,خوزستان,ایذه,,https://maps.app.goo.gl/FNq4Dgke1jqKdBdx8
647,دریاچه شهیون,خوزستان,دزفول,,
648,سازه‌ های آبی شوشتر,خوزستان,شوشتر,,
649,دژ محمدعلی خان,خوزستان,دزفول,,
650,دشت سوسن,خوزستان,ایذه,,
651,جزیره کوشک,خوزستان,مسجد سلیمان,,https://goo.gl/maps/PgKsjHpfjSPWSVce7
652,رودخانه کارون,خوزستان,اهواز,,
653,چال کندی,خوزستان,دزفول,,https://goo.gl/maps/btrPuMJiBFygnhaT7
654,زیارتگاه سید عباس,خوزستان,آبادان,,
655,بازار ته لنجی آبادان,خوزستان,آبادان,,
656,آرامگاه دانیال نبی,خوزستان,شوش,,https://goo.gl/maps/NWJATMHxNGgKjGXq9
657,تشکوه رامهرمز,خوزستان,رامهرمز,,https://goo.gl/maps/HHk3TRqJPWvDY6Vm8
658,لشکر آباد اهواز,خوزستان,اهواز,,https://goo.gl/maps/MwVB1qpi5izzCdZR8
659,خانه تاریخی قطب راضی (آقا گپ),خوزستان,دزفول,,
660,پل طبیعت کیانپارس اهواز,خوزستان,اهواز,,
661,زیارتگاه سید عباس,خوزستان,آبادان,,
662,خیابان نادری اهواز,خوزستان,اهواز,,
663,آبشار اهواز (پل هفتم),خوزستان,اهواز,,
664,سیتی سنتر آبادان,خوزستان,آبادان,,
665,بازار ماهی فروشان آبادان,خوزستان,آبادان,,
666,پل کابلی امام رضا آبادان,خوزستان,آبادان,,
667,دهکده گردشگری ساحلی والفجر,خوزستان,اندیمشک,,
668,پل هشتم اهواز (پل غدیر اهواز),خوزستان,اهواز,,
669,شوادون دزفول,خوزستان,دزفول,,
670,دشت سوسن,خوزستان,ایذه,,
671,موزه شوش,خوزستان,شوش,,
672,پل شهید جهان آرا,خوزستان,خرمشهر,,
673,کاخ شاوور (کاخ اردشیر دوم),خوزستان,شوش,,https://goo.gl/maps/HV7KhFjPMgcHeMCV6
674,بازار سیف,خوزستان,خرمشهر,,
675,بازار کاوه اهواز,خوزستان,اهواز,,
676,دژ سرقلا,خوزستان,اندیمشک,,
677,آرامگاه محمود علی,خوزستان,اندیمشک,,
678,بقعه داوود خادم,خوزستان,اندیمشک,,
679,قلعه کوران,خوزستان,اندیمشک,,
680,روستای نورآباد دزفول,خوزستان,دزفول,,
681,قلعه حسینی اندیمشک,خوزستان,اندیمشک,,
682,صوفی احمد دزفول,خوزستان,دزفول,,
683,دریاچه شهیون,خوزستان,دزفول,,
684,بازار ته لنجی آبادان,خوزستان,آبادان,,
685,چال کندی,خوزستان,دزفول,,https://goo.gl/maps/btrPuMJiBFygnhaT7
686,کوه تنگوان,خوزستان,اندیمشک,,https://goo.gl/maps/yYkcmx2LoR6eVNdh8
687,قلعه رزه,خوزستان,اندیمشک,,
688,دژ گلی,خوزستان,رامهرمز,,
689,امامزاده بابالنگ,خوزستان,اندیمشک,,
690,دهکده زراس,خوزستان,ایذه,,https://maps.app.goo.gl/FNq4Dgke1jqKdBdx8
691,بازار کویتی‌ ها,خوزستان,آبادان,,
692,تالاب هورالعظیم,خوزستان,هویزه,,
693,مرکز خرید سیتی سنتر هیراد,خوزستان,اهواز,,
694,جزیره کوشک,خوزستان,مسجد سلیمان,,https://goo.gl/maps/PgKsjHpfjSPWSVce7
695,دژ محمدعلی خان,خوزستان,دزفول,,
696,باغ دولت آباد یزد,استان یزد,یزد,,
697,آتشکده بهرام یزد,استان یزد,یزد,,
698,قنات زارچ,استان یزد,یزد,,
699,مسجد جامع یزد,استان یزد,یزد,,https://goo.gl/maps/KVNdqkK7PSmfrM2Z8
700,خانه هنر یزد,استان یزد,یزد,,
701,موزه مارکار,استان یزد,یزد,,https://goo.gl/maps/BXg7LKH1V6oDouoJ7
702,مرکز فرهنگی موزه ای نور و روشنایی یزد,استان یزد,یزد,,
703,دخمه زرتشتیان یزد,استان یزد,یزد,,
704,حمام خان یزد,استان یزد,یزد,,
705,آب انبار شش بادگیر,استان یزد,یزد,,
706,روستای خرانق,استان یزد,خرانق,,
707,مجموعه زیرزمینی تاریخی دروازه مهریز یزد,استان یزد,یزد,,
708,بازار خان یزد,استان یزد,یزد,,
709,حمام خان یزد,استان یزد,یزد,,
710,حمام ابوالمعالی یزد,استان یزد,یزد,,
711,موزه خودروهای تاریخی و دست ساز یزد,استان یزد,یزد,,
712,موزه آب یزد,استان یزد,یزد,,
713,مجتمع خلیج فارس یزد,استان یزد,یزد,,
714,موزه سفال میبد,استان یزد,میبد,,
715,مجموعه گردشگری و پارک طبیعت گردی نی باد کویر زرین,استان یزد,خرانق,,
716,کویر مغستان (ریگ زرین),استان یزد,اردکان یزد,,
717,کویر درانجیر,استان یزد,بافق,,
718,روستای خرانق,استان یزد,خرانق,,
719,موزه سکه و مردم شناسی حیدرزاده,استان یزد,یزد,,
720,تخت سلیمان,آذربایجان غربی,تکاب,,"https://www.google.com/maps/place/%DA%86%D9%85%D9%86+%D9%85%D8%AA%D8%AD%D8%B1%DA%A9+%DA%86%D9%85%D9%84%DB%8C%E2%80%AD/@36.4750064,47.2248308,16z/data=!4m6!3m5!1s0x4002b376ce9fb0fb:0x613adf6c2f4d2ca3!8m2!3d36.4766391!4d47.2260749!16s%2Fg%2F11h1vc8j3?entry=ttu"
721,قره کلیسا,آذربایجان غربی,ماکو,,"https://www.google.com/maps/place/%DA%A9%D9%84%DB%8C%D8%B3%D8%A7%DB%8C+%D8%AA%D8%A7%D8%AF%D8%A6%D9%88%D8%B3+%D9%85%D9%82%D8%AF%D8%B3+(%D9%82%D8%B1%D9%87+%DA%A9%D9%84%DB%8C%D8%B3%D8%A7)%E2%80%AD/@39.0922869,44.5465633,17z/data=!4m5!3m4!1s0x4014778d81ae94ed:0x75a03304c0c57928!8m2!3d39.0922828!4d44.5443746?hl=fa"
722,دریاچه ارومیه,آذربایجان غربی,ارومیه,,"https://www.google.com/maps/place/Saint+Mary+Church/@37.5443786,45.0653298,17z/data=!3m1!4b1!4m6!3m5!1s0x4005530d37ea9717:0x3a31bcdb0de639d3!8m2!3d37.5443786!4d45.0679047!16s%2Fg%2F12q4rkkph?entry=ttu"
723,آرامگاه پوریای ولی,آذربایجان غربی,خوی,,
724,کلیسای ننه مریم,آذربایجان غربی,ارومیه,,
725,آرامگاه شمس تبریزی,آذربایجان غربی,خوی,,
726,غار سهولان,آذربایجان غربی,مهاباد,,
727,مسجد جامع سرخ مهاباد,آذربایجان غربی,مهاباد,,
728,سه گنبد,آذربایجان غربی,ارومیه,,
729,مسجد سردار,آذربایجان غربی,ارومیه,,
730,موزه ارومیه,آذربایجان غربی,ارومیه,,
731,کاخ موزه باغچه جوق,آذربایجان غربی,ماکو,,
732,کلیسای گئورگ مقدس هفتوان,آذربایجان غربی,سلماس,,
733,کول تپه اهرنجان,آذربایجان غربی,سلماس,,
734,مقبره بداق سلطان مهاباد,آذربایجان غربی,مهاباد,,
735,مسجد جامع ارومیه,آذربایجان غربی,ارومیه,,
736,حمام تاریخی میرزا رسول,آذربایجان غربی,مهاباد,,
737,گوردخمه فقره قا,آذربایجان غربی,مهاباد,,
738,حمام شیخ سلماس,آذربایجان غربی,سلماس,,
739,محوطه باستانی برده کنته مهاباد,آذربایجان غربی,مهاباد,,
740,کلیسای قره باغ,آذربایجان غربی,سلماس,,
741,چشمه آب گرم ایستی سو سلماس,آذربایجان غربی,سلماس,,
742,بازارچه مرزی سرو,آذربایجان غربی,ارومیه,,
743,پارک دانشجو (گوللر باغی),آذربایجان غربی,ارومیه,,
744,آبشار خورخوره سلماس (آبشار ممکان),آذربایجان غربی,سلماس,,
745,درياچه بز سينه,آذربایجان غربی,ارومیه,,
746,قبرستان خالد نبی,استان گلستان,کلاله,,https://goo.gl/maps/YjGkPPiJKzQ3sNik9
747,آبشار کبودوال,استان گلستان,علی آباد کتول,,https://goo.gl/maps/eAnxNJrthqWS5qSF8
748,آبشارهای شیرآباد,استان گلستان,رامیان,,https://goo.gl/maps/Ro85Nw2ZDW5LimHeA
749,منطقه حفاظت شده جهان نما,استان گلستان,کردکوی,,
750,جنگل توسکستان,استان گلستان,گرگان,,
751,آبشار باران کوه,استان گلستان,گرگان,,https://goo.gl/maps/GwJGumjTnZPD2zWA7
752,برج گنبد قابوس,استان گلستان,گنبد کاووس,,
753,روستای میاندره,استان گلستان,کردکوی,,
754,منطقه حفاظت شده جهان نما,استان گلستان,کردکوی,,
755,آبشارهای شیرآباد,استان گلستان,رامیان,,https://goo.gl/maps/Ro85Nw2ZDW5LimHeA
756,آبشار باران کوه,استان گلستان,گرگان,,https://goo.gl/maps/GwJGumjTnZPD2zWA7
757,جنگل توسکستان,استان گلستان,گرگان,,
758,آبشار کبودوال,استان گلستان,علی آباد کتول,,https://goo.gl/maps/eAnxNJrthqWS5qSF8
759,پل معلق مشگین شهر,استان اردبیل,مشگین شهر,,https://goo.gl/maps/54QpuT2FsRyLvN6Q8
760,دریاچه شورابیل,استان اردبیل,اردبیل,,https://goo.gl/maps/wiaDECqXnD5rap5x5
761,جنگل فندقلو,استان اردبیل,اردبیل,,
762,دریاچه نئور,استان اردبیل,اردبیل,,https://goo.gl/maps/9vdLPKrAujDoCtfh6
763,بازار بزرگ اردبیل,استان اردبیل,اردبیل,,https://goo.gl/maps/8vEKrpujMELeiHUJ8
764,بقعه شیخ صفی الدین اردبیلی,استان اردبیل,اردبیل,,
765,آبشار و آب گرم سردابه,استان اردبیل,اردبیل,,https://goo.gl/maps/KqPn31yPkNH1PkmJ7
766,خانه تاریخی صادقی,استان اردبیل,اردبیل,,https://goo.gl/maps/z5tEEfC2EAsYnYg49
767,خانه تاریخی میرفتاحی (موزه مفاخر دینی),استان اردبیل,اردبیل,,
768,مسجد میرزا علی اکبر,استان اردبیل,اردبیل,,
769,بازار بزرگ اردبیل,استان اردبیل,اردبیل,,https://goo.gl/maps/8vEKrpujMELeiHUJ8
770,تپه باستانی آناهیتا,استان اردبیل,سرعین,,
771,برج شاطر (گنبد شاطر),استان اردبیل,اردبیل,,
772,پل هفت چشمه (پل داش کسن),استان اردبیل,اردبیل,,
773,پل یعقوبیه (پل پنج چشمه),استان اردبیل,اردبیل,,
774,خانه رضازاده (موزه شهدای اردبیل),استان اردبیل,اردبیل,,
775,دریاچه قالغانلو,استان اردبیل,گرمی,,
776,چشمه‌ خان بولاغی,استان اردبیل,گرمی,,
777,آبشار و آب گرم سردابه,استان اردبیل,اردبیل,,https://goo.gl/maps/KqPn31yPkNH1PkmJ7
778,مجتمع آب‌ درمانی سبلان,استان اردبیل,سرعین,,
779,دره جنگلی ایردموسی,استان اردبیل,سرعین,,
780,عالی قاپو اردبیل,استان اردبیل,اردبیل,,https://maps.app.goo.gl/DzzQ9jawjofZHjqm7
781,روستای گردشگری لرد,استان اردبیل,خلخال,,https://goo.gl/maps/9vdLPKrAujDoCtfh6
782,تفرجگاه بولاغلار,استان اردبیل,نیر,,
783,موزه تاریخ طبیعی اردبیل,استان اردبیل,اردبیل,,
784,آبشار ورگه سران,استان اردبیل,سرعین,,
785,چشمه و آبشار گورگور آلوارس,استان اردبیل,سرعین,,
786,موزه صنایع‌ دستی اردبیل,استان اردبیل,اردبیل,,
787,آب گرم ساری سو,استان اردبیل,سرعین,,
788,مجتمع آب درمانی ژنرال,استان اردبیل,سرعین,,
789,قله آق داغ,استان اردبیل,خلخال,,
790,اورامانات,کردستان,مریوان,,https://maps.app.goo.gl/rVkjNNZpLN17mnv57
791,مجموعه تفریحی پارک آبیدر,کردستان,سنندج,,https://goo.gl/maps/UDm53tJrut3SpoZJA
792,دریاچه زریوار,کردستان,مریوان,,"https://www.google.com/maps/place/%D8%AF%D8%B1%DB%8C%D8%A7%DA%86%D9%87+%D8%B2%D8%B1%DB%8C%D8%A8%D8%A7%D8%B1%E2%80%AD/@35.5477429,46.1649914,13z/data=!3m1!4b1!4m5!3m4!1s0x3fff497ce473895b:0x8dbe75a48b089a5b!8m2!3d35.5437684!4d46.127902?hl=fa"
793,غار کرفتو,کردستان,دیواندره,,https://goo.gl/maps/uhcpgvtBVqWXKsS58
794,آبشار گویله,کردستان,مریوان,,
795,پاساژ پاسارگاد,کردستان,بانه,,
796,عمارت شیخ محمد باقر غیاثی,کردستان,سنندج,,
797,پاساژ آشنا سنندج,کردستان,سنندج,,
798,مجموعه تفریحی پارک آبیدر,کردستان,سنندج,,https://goo.gl/maps/UDm53tJrut3SpoZJA
799,اورامانات,کردستان,مریوان,,https://maps.app.goo.gl/rVkjNNZpLN17mnv57
800,آبشار گویله,کردستان,مریوان,,
801,جنگل ابر,استان سمنان,شاهرود,,https://goo.gl/maps/jTHBs5zGQ1NVXoJs7
802,ییلاق اوپرت,استان سمنان,مهدی شهر,,https://maps.app.goo.gl/XTMWVGJ7qJaKKrPM8
803,غار نمکی گرمسار,استان سمنان,گرمسار,,
804,کویر ریگ جن,استان سمنان,گرمسار,,https://goo.gl/maps/AxeDW2QPKmaiDVZdA
805,آبشار مجن,استان سمنان,شاهرود,,https://maps.app.goo.gl/2Fi1m6FrAT2iPT4r7
806,دشت آفتابگردان و شقایق های کالپوش,استان سمنان,شاهرود,,
807,چشمه علی دامغان,استان سمنان,دامغان,,
808,آرامگاه بایزید بسطامی,استان سمنان,شاهرود,,
809,باغ گردشگری اورس شاهرود,استان سمنان,شاهرود,,
810,کاروانسرای قصر بهرام,استان سمنان,گرمسار,,
811,پارک ملی کویر,استان سمنان,گرمسار,,
812,بازار شاهرود,استان سمنان,شاهرود,,
813,برج چهل دختر,استان سمنان,دامغان,,
814,پارک آبشار شاهرود,استان سمنان,شاهرود,,
815,کویر ریگ جن,استان سمنان,گرمسار,,https://goo.gl/maps/AxeDW2QPKmaiDVZdA
816,آرامگاه بایزید بسطامی,استان سمنان,شاهرود,,
817,پارک ملی کویر,استان سمنان,گرمسار,,
818,سرای نقش جهان,استان سمنان,سمنان,,
819,ییلاق اوپرت,استان سمنان,مهدی شهر,,https://maps.app.goo.gl/XTMWVGJ7qJaKKrPM8
820,آبشار مجن,استان سمنان,شاهرود,,https://maps.app.goo.gl/2Fi1m6FrAT2iPT4r7
821,پایگاه نجوم دامغان (پایگاه علوم و ستاره شناسی ورکیان),استان سمنان,دامغان,,
822,باغ گردشگری اورس شاهرود,استان سمنان,شاهرود,,
823,خانه تدین سمنان,استان سمنان,سمنان,,
824,موزه مهر و سکه کومش,استان سمنان,سمنان,,
825,پیست اسکی شهمیرزاد,استان سمنان,شهمیرزاد,,
826,خانه لطفی (موزه تاریخ شهر دامغان),استان سمنان,دامغان,,
827,غار نمکی گرمسار,استان سمنان,گرمسار,,
828,دشت آفتابگردان و شقایق های کالپوش,استان سمنان,شاهرود,,
829,خانه یغمایی ها شاهرود,استان سمنان,شاهرود,,"https://www.google.com/maps/place/%D8%AE%D8%A7%D9%86%D9%87+%DB%8C%D8%BA%D9%85%D8%A7%DB%8C%DB%8C+%D9%87%D8%A7+%D9%88+%D8%A7%D8%AF%D8%A7%D8%B1%D9%87+%D9%85%DB%8C%D8%B1%D8%A7%D8%AB+%D9%81%D8%B1%D9%87%D9%86%DA%AF%DB%8C+%D8%B4%D8%A7%D9%87%D8%B1%D9%88%D8%AF%E2%80%AD/@36.4189257,54.960473,17z/data=!3m1!4b1!4m5!3m4!1s0x3f9d0f6035cc1343:0xc670e8ecb75934bb!8m2!3d36.4189185!4d54.9626569?hl=en"
830,پارک آبشار شاهرود,استان سمنان,شاهرود,,
831,موزه آب شاهرود,استان سمنان,شاهرود,,
832,امامزاده یحیی سمنان,استان سمنان,سمنان,,
833,موزه مردم شناسی میامی (کاروانسرای شاه عباسی),استان سمنان,میامی,,
834,بوستان سرچشمه محلات,استان مرکزی,محلات,,
835,پیست اسکی پاکل شازند,استان مرکزی,اراک,,
836,سنگ نگاره های تیمره,استان مرکزی,خمین,,
837,روستای هزاوه,استان مرکزی,اراک,,
838,دریاچه مصنوعی ساوه,استان مرکزی,ساوه,,
839,حمام چهارفصل,استان مرکزی,اراک,,
840,بازار اراک,استان مرکزی,اراک,,
841,روستای هزاوه,استان مرکزی,اراک,,
842,روستای باغ شیخ,استان مرکزی,ساوه,,
843,دریاچه مصنوعی ساوه,استان مرکزی,ساوه,,
844,منطقه نمونه گردشگری دره گردو,استان مرکزی,اراک,,
845,رودخانه مزلقان (مزلقان چای),استان مرکزی,ساوه,,
846,پیست اسکی پاکل شازند,استان مرکزی,اراک,,
847,بوستان سرچشمه محلات,استان مرکزی,محلات,,
848,شهر سوخته,سیستان و بلوچستان,زابل,,https://goo.gl/maps/yEmxK2iRw28tyf267
849,سواحل مکران,سیستان و بلوچستان,چابهار,,
850,روستای درک,سیستان و بلوچستان,چابهار,,https://goo.gl/maps/GBQ2dAMvFka3Xtiw7
851,تالاب لیپار چابهار,سیستان و بلوچستان,چابهار,,https://goo.gl/maps/cDJZJLEoXZkkCxrS7
852,کوه های مریخی چابهار,سیستان و بلوچستان,چابهار,,https://goo.gl/maps/Y6FEigHLq2nGYwsE8
853,جنگل حرا چابهار,سیستان و بلوچستان,چابهار,,https://goo.gl/maps/Kf8yJ2zUAyzG1qSr8
854,ساحل صخره ای چابهار,سیستان و بلوچستان,چابهار,,https://goo.gl/maps/AU6AuJNctan55FRu6
855,کوه تفتان,سیستان و بلوچستان,خاش,,https://goo.gl/maps/UfHTNJTyXz2taLpR7
856,مسجد جامع مکی,سیستان و بلوچستان,زاهدان,,"https://www.google.com/maps/search/%D9%85%D8%B3%D8%AC%D8%AF+%D8%AC%D8%A7%D9%85%D8%B9+%D8%B2%D8%A7%D9%87%D8%AF%D8%A7%D9%86%E2%80%AD/@29.4930049,60.8538423,15z/data=!3m1!4b1?hl=en"
857,گل فشان تنگ (چابهار),سیستان و بلوچستان,چابهار,,
858,دکه بازار چابهار,سیستان و بلوچستان,چابهار,,
859,درخت مکرزن چابهار,سیستان و بلوچستان,چابهار,,
860,پلاژ ساحلی تیس,سیستان و بلوچستان,چابهار,,
861,ساحل صخره ای چابهار,سیستان و بلوچستان,چابهار,,https://goo.gl/maps/AU6AuJNctan55FRu6
862,بازار رسولی زاهدان,سیستان و بلوچستان,زاهدان,,
863,تالاب لیپار چابهار,سیستان و بلوچستان,چابهار,,https://goo.gl/maps/cDJZJLEoXZkkCxrS7
864,کوه های مریخی چابهار,سیستان و بلوچستان,چابهار,,https://goo.gl/maps/Y6FEigHLq2nGYwsE8
865,جنگل حرا چابهار,سیستان و بلوچستان,چابهار,,https://goo.gl/maps/Kf8yJ2zUAyzG1qSr8
866,اسکله رمین,سیستان و بلوچستان,چابهار,,
867,بازارچه تاریخی سرپوشیده زاهدان,سیستان و بلوچستان,زاهدان,,
868,اسکله کنارک,سیستان و بلوچستان,چابهار,,
869,مسجد جامع تیس,سیستان و بلوچستان,چابهار,,https://goo.gl/maps/YFQjuX28BP9Edfgb8
870,موزه منطقه ای جنوب شرق ایران,سیستان و بلوچستان,زاهدان,,
871,حسینیه یزدی ها,سیستان و بلوچستان,زاهدان,,
872,پارک علم و فناوری سیستان و بلوچستان,سیستان و بلوچستان,زاهدان,,
873,روستای درک,سیستان و بلوچستان,چابهار,,https://goo.gl/maps/GBQ2dAMvFka3Xtiw7
874,دکه بازار چابهار,سیستان و بلوچستان,چابهار,,
875,سواحل مکران,سیستان و بلوچستان,چابهار,,
876,کوه تفتان,سیستان و بلوچستان,خاش,,https://goo.gl/maps/UfHTNJTyXz2taLpR7
877,درخت مکرزن چابهار,سیستان و بلوچستان,چابهار,,
878,پلاژ ساحلی تیس,سیستان و بلوچستان,چابهار,,
879,مجتمع تجاری تیس,سیستان و بلوچستان,چابهار,,
880,بازار سلمان زاده زاهدان,سیستان و بلوچستان,زاهدان,,
881,مرکز تجاری ابریشم,سیستان و بلوچستان,چابهار,,
882,بازار زرگرها,سیستان و بلوچستان,چابهار,,
883,موزه محلی چابهار,سیستان و بلوچستان,چابهار,,
884,گل فشان تنگ (چابهار),سیستان و بلوچستان,چابهار,,
885,مسجد جامع مکی,سیستان و بلوچستان,زاهدان,,"https://www.google.com/maps/search/%D9%85%D8%B3%D8%AC%D8%AF+%D8%AC%D8%A7%D9%85%D8%B9+%D8%B2%D8%A7%D9%87%D8%AF%D8%A7%D9%86%E2%80%AD/@29.4930049,60.8538423,15z/data=!3m1!4b1?hl=en"
886,تالاب هامون,سیستان و بلوچستان,زابل,,https://goo.gl/maps/6p13WJvpXQVpMNv88
887,قلعه تیس (قلعه پرتغالی ها چابهار),سیستان و بلوچستان,چابهار,,
888,بازار مشترک زاهدان,سیستان و بلوچستان,زاهدان,,
889,مجتمع تجاری صدف چابهار,سیستان و بلوچستان,چابهار,,
890,غارهای بان مسیتی (غارهای سه گانه چابهار),سیستان و بلوچستان,چابهار,,https://goo.gl/maps/DBPDLjPHwnRhCHPy9
891,مرکز خرید صالحیار چابهار,سیستان و بلوچستان,چابهار,,
892,مرکز تجاری پردیس,سیستان و بلوچستان,چابهار,,
893,مرکز خرید فردوس چابهار,سیستان و بلوچستان,چابهار,,
894,فرودگاه کنارک چابهار,سیستان و بلوچستان,کنارک,,
895,کویر بشرویه,خراسان جنوبی,بشرویه,,
896,آرامگاه بوذرجمهر قاینی,خراسان جنوبی,قاین,,https://maps.app.goo.gl/2j5btgQVUvZ9Sp7s8
897,کویر بشرویه,خراسان جنوبی,بشرویه,,
898,قلعه دختر بشرویه,خراسان جنوبی,بشرویه,,https://maps.app.goo.gl/9gHSvx6HYxaZjxEJA
899,برج چشمه مولید,خراسان جنوبی,بیرجند,,
900,ریگ یلان (بزرگ ریگ),خراسان جنوبی,نهبندان,,
901,مزار پیر حاجات,خراسان جنوبی,طبس,,
902,مجموعه بیستون,استان کرمانشاه,کرمانشاه,,
903,طاق‌ بستان,استان کرمانشاه,کرمانشاه,,
904,بازار سنتی کرمانشاه,استان کرمانشاه,کرمانشاه,,
905,سراب نیلوفر کرمانشاه,استان کرمانشاه,کرمانشاه,,https://goo.gl/maps/EveFMt3kNjWBeCYT7
906,تکیه معاون الملک,استان کرمانشاه,کرمانشاه,,https://goo.gl/maps/M5pKS1d5RxRmsr9p6
907,غار قوری قلعه کرمانشاه,استان کرمانشاه,روانسر,,https://goo.gl/maps/3EsXcrNrwG8H9ocT6
908,معبد آناهیتا کنگاور,استان کرمانشاه,کنگاور,,
909,گوردخمه صحنه (گوردخمه دربند),استان کرمانشاه,کرمانشاه,,
910,مرکز خرید ارگ کرمانشاه,استان کرمانشاه,کرمانشاه,,
911,منطقه سراب صحنه,استان کرمانشاه,صحنه,,
912,باغ گل های کرمانشاه,استان کرمانشاه,کرمانشاه,,https://goo.gl/maps/jh2LMppE1EixcMGY6
913,بازار نان برنجی,استان کرمانشاه,کرمانشاه,,
914,مرکز خرید ارگ کرمانشاه,استان کرمانشاه,کرمانشاه,,
915,منطقه سراب صحنه,استان کرمانشاه,صحنه,,
916,پارک جنگلی طاق‌بستان,استان کرمانشاه,کرمانشاه,,
917,بازارچه کفش چهار راه اجاق,استان کرمانشاه,کرمانشاه,,
918,مرکز خرید سروش,استان کرمانشاه,کرمانشاه,,
919,پارک شرقی,استان کرمانشاه,کرمانشاه,,
920,موزه تمبر,استان کرمانشاه,کرمانشاه,,
921,آرامگاه احمد بن اسحاق قمی,استان کرمانشاه,سرپل ذهاب,,
922,پاساژ حافظ,استان کرمانشاه,کرمانشاه,,
923,پاساژ سریری,استان کرمانشاه,کرمانشاه,,
924,مسجد عمادالدوله,استان کرمانشاه,کرمانشاه,,
925,طاق‌ بستان,استان کرمانشاه,کرمانشاه,,
926,سفیدکوه,استان کرمانشاه,کرمانشاه,,
927,بازار مسگرها,استان کرمانشاه,کرمانشاه,,
928,غار دو اشکفت,استان کرمانشاه,کرمانشاه,,
929,بازار توپخانه,استان کرمانشاه,کرمانشاه,,
930,موزه پوشاک و زیورآلات کرمانشاه,استان کرمانشاه,کرمانشاه,,
931,موزه سنگ,استان کرمانشاه,کرمانشاه,,
932,غار ورواسی,استان کرمانشاه,کرمانشاه,,
933,روستا ناو تنگ منصوری,استان کرمانشاه,اسلام آباد غرب,,
934,آتشکده میل میله گه,استان کرمانشاه,اسلام آباد غرب,,
935,آتشکده شیان,استان کرمانشاه,اسلام آباد غرب,,
936,تپه باستانی گنج دره,استان کرمانشاه,هرسین,,
937,سراب نیلوفر کرمانشاه,استان کرمانشاه,کرمانشاه,,https://goo.gl/maps/EveFMt3kNjWBeCYT7
938,باغ پرندگان صدف,استان کرمانشاه,کرمانشاه,,
939,پاساژ ولیعصر,استان کرمانشاه,کرمانشاه,,
940,موزه مردم شناسی کرمانشاه,استان کرمانشاه,کرمانشاه,,
941,بازار روز آزادی,استان کرمانشاه,کرمانشاه,,
942,باغ گل های کرمانشاه,استان کرمانشاه,کرمانشاه,,https://goo.gl/maps/jh2LMppE1EixcMGY6
943,دهکده توریستی گنجنامه,استان همدان,همدان,,
944,غار علیصدر,استان همدان,همدان,,https://maps.app.goo.gl/Q6TJd5QN1ixss5ay7
945,هگمتانه,استان همدان,همدان,,https://maps.app.goo.gl/68oCkpiLjRBMwpMy7
946,آرامگاه بوعلی سینا,استان همدان,همدان,,
947,گنبد علویان,استان همدان,همدان,,
948,برج قربان همدان,استان همدان,همدان,,
949,شیر سنگی همدان,استان همدان,همدان,,
950,دشت میشان,استان همدان,همدان,,
951,آرامگاه باباطاهر عریان,استان همدان,همدان,,
952,رصدخانه ابن صلاح همدانی,استان همدان,همدان,,
953,رصدخانه ابن صلاح همدانی,استان همدان,همدان,,
954,دشت میشان,استان همدان,همدان,,
955,کتیبه آقاجان بلاغی اسدآباد,استان همدان,اسد آباد,,
956,امامزاده هادی ابن علی,استان همدان,همدان,,
957,آب انبار شاه عباس اسدآباد,استان همدان,اسد آباد,,
958,حمام گلستان اسدآباد,استان همدان,اسد آباد,,
959,دریاچه سد اکباتان,استان همدان,همدان,,
960,موزه صنایع دستی همدان,استان همدان,همدان,,
961,موزه مردم شناسی اسدآباد,استان همدان,اسد آباد,,
962,بنای یادبود سید جمال الدین اسدآبادی,استان همدان,اسد آباد,,
963,مسجد جامع اسدآباد,استان همدان,اسد آباد,,
964,آبشار بیشه,لرستان,خرم آباد,,"https://www.google.com/maps/place/Bisheh+Waterfall/@33.3303812,48.8767221,17z/data=!4m6!3m5!1s0x3febfb4a283f8a19:0xe27cef28c65e85a5!8m2!3d33.3297414!4d48.876815!16s%2Fg%2F11s3z_3td8?entry=ttu"
965,دریاچه گهر,لرستان,دورود,,https://maps.app.goo.gl/4HV7TkiuCTjJPQbh8
966,آبشار نوژیان,لرستان,خرم آباد,,
967,تنگه لی لی,لرستان,دورود,,https://goo.gl/maps/7uUeuXR9qfCGXuRg6
968,قلعه فلک الافلاک,لرستان,خرم آباد,,https://goo.gl/maps/fmgLgJwgxUrZUXmy7
969,تنگه شيرز,لرستان,کوهدشت,,https://goo.gl/maps/KqPSbeusAf2wNLH6A
970,دریاچه کیو,لرستان,خرم آباد,,https://goo.gl/maps/gugv9akVh8trrxtz7
971,آبشار ونایی,لرستان,بروجرد,,
972,موزه مردم شناسی لرستان,لرستان,خرم آباد,,
973,آبشار نوژیان,لرستان,خرم آباد,,
974,تنگه شيرز,لرستان,کوهدشت,,https://goo.gl/maps/KqPSbeusAf2wNLH6A
975,آبشار ونایی,لرستان,بروجرد,,
976,گنبد سلطانیه,استان زنجان,سلطانیه,,https://goo.gl/maps/6Qt3zPEKUhMr8xCu6
977,موزه رختشویخانه,استان زنجان,زنجان,,https://goo.gl/maps/f4mEAdeRw6YhfAe37
978,آبشار شارشار,استان زنجان,زنجان,,
979,آبشار آرانا,استان زنجان,زنجان,,
980,معبد داش کسن,استان زنجان,سلطانیه,,https://goo.gl/maps/6Qt3zPEKUhMr8xCu6
981,قلعه بهستان,استان زنجان,ماهنشان,,
982,مسجد جامع زنجان,استان زنجان,زنجان,,
983,چشمه آبگرم وننق,استان زنجان,زنجان,,
984,بلوار شیخ اشراق زنجان,استان زنجان,زنجان,,
985,پیاده راه سبزه میدان زنجان,استان زنجان,زنجان,,
986,آبشار آرانا,استان زنجان,زنجان,,
987,قلعه الموت,استان قزوین,قزوین,,
988,دریاچه‌ اوان,استان قزوین,قزوین,,
989,کاخ چهل ستون قزوین,استان قزوین,قزوین,,
990,بازار قزوین,استان قزوین,قزوین,,
991,کاروانسرای سعدالسلطنه قزوین,استان قزوین,قزوین,,
992,حمام قجر,استان قزوین,قزوین,,
993,کلیسای کانتور,استان قزوین,قزوین,,
994,حسینیه امینی ها,استان قزوین,قزوین,,
995,برج‌ های خرقان,استان قزوین,قزوین,,
996,مسجد جامع قزوین,استان قزوین,قزوین,,
997,امامزاده شاهزاده حسین قزوین,استان قزوین,قزوین,,
998,خیابان سپه قزوین,استان قزوین,قزوین,,
999,مجتمع مهر و ماه,استان قم,قم,,
1000,دریاچه حوض سلطان,استان قم,قم,,
1001,حرم حضرت معصومه (س),استان قم,قم,,
1002,فروشگاه جانبازان قم,استان قم,قم,,
1003,مسجد جمکران,استان قم,قم,,
1004,بازار قدیم قم,استان قم,قم,,
1005,مجتمع تجاری الغدیر قم,استان قم,قم,,
1006,خانه ملاصدرا,استان قم,قم,,
1007,آبشار یاسوج,کهگیلویه و بویراحمد,یاسوج,,
1008,غار ده شیخ,کهگیلویه و بویراحمد,سی سخت,,
1009,باغ چشمه بلقیس,کهگیلویه و بویراحمد,دهدشت,,
1010,رشته کوه دنا,کهگیلویه و بویراحمد,یاسوج,,
1011,تل خسرو,کهگیلویه و بویراحمد,یاسوج,,
1012,روستای کاکان,کهگیلویه و بویراحمد,یاسوج,,
1013,آبشار کیوان لیشتر,کهگیلویه و بویراحمد,گچساران,,
1014,گردشگاه بابا امان,خراسان شمالی,بجنورد,,https://maps.app.goo.gl/sZfpZG2KB2aVLNaA9
1015,آبشار حمید بجنورد,خراسان شمالی,بجنورد,,
1016,آبشار بیار,خراسان شمالی,بجنورد,,
1017,گردشگاه بش قارداش,خراسان شمالی,بجنورد,,
1018,آبشار اسطرخی (آبشار شارشار),خراسان شمالی,شیروان,,
1019,عمارت سردار مفخم بجنورد,خراسان شمالی,بجنورد,,
1020,حسینیه جاجرمی‌,خراسان شمالی,بجنورد,,https://maps.app.goo.gl/fyJFGmGApzvVcqaB9
1021,آبشار اسفجیر,خراسان شمالی,فاروج,,
1022,ارگ بم,استان کرمان,بم,,https://maps.app.goo.gl/Q2hUxVSedVNkPvqx7
1023,باغ شاهزاده ماهان,استان کرمان,کرمان,,"https://www.google.com/maps/place/%D8%A8%D8%A7%D8%BA+%D8%B4%D8%A7%D9%87%D8%B2%D8%A7%D8%AF%D9%87+%D9%85%D8%A7%D9%87%D8%A7%D9%86%E2%80%AD/@30.0234646,57.2839618,17z/data=!3m1!4b1!4m5!3m4!1s0x3efd8acace841f6b:0x4efc02ba688cb2b!8m2!3d30.02346!4d57.2817731?hl=fa"
1024,باغ فتح آباد کرمان (باغ بیگلربیگی),استان کرمان,کرمان,,
1025,کلوت شهداد,استان کرمان,شهداد,,https://goo.gl/maps/nVdGa8qonJ98unYu8
1026,بازار کرمان,استان کرمان,کرمان,,
1027,حمام گنجعلی خان (موزه مردم شناسی کرمان),استان کرمان,کرمان,,
1028,آتشکده زرتشتیان کرمان (موزه مردم شناسی زرتشتیان),استان کرمان,کرمان,,
1029,مجموعه گنجعلی خان کرمان,استان کرمان,کرمان,,
1030,ارگ جدید بم,استان کرمان,بم,,https://goo.gl/maps/d3ppFByY7jUKnjYv7
1031,گنبد جبلیه,استان کرمان,کرمان,,https://goo.gl/maps/45rW9RNfN2RjsGgy6
1032,تنگه راگه,استان کرمان,رفسنجان,,https://goo.gl/maps/d2UhryDjMsqHki7s9
1033,خانه هرندی (باغ موزه هرندی),استان کرمان,کرمان,,https://goo.gl/maps/mQk6ZQ5uYW7HQVc66
1034,یخدان مویدی کرمان,استان کرمان,کرمان,,https://goo.gl/maps/CbrHEGwNWLtonYay8
1035,بزرگراه گردشگری هفت باغ علوی,استان کرمان,کرمان,,
1036,مجموعه ابراهیم ‌خان کرمان,استان کرمان,کرمان,,
1037,بازار رفسنجان,استان کرمان,رفسنجان,,
1038,تخت درگاه قلی بیگ,استان کرمان,کرمان,,
1039,مسجد ملک کرمان,استان کرمان,کرمان,,https://goo.gl/maps/y7NkiSgZsrBSqHtz7
1040,گنبد جبلیه,استان کرمان,کرمان,,https://goo.gl/maps/45rW9RNfN2RjsGgy6
1041,مسجد جامع کرمان (مسجد جامع مظفری),استان کرمان,کرمان,,
1042,باغ فتح آباد کرمان (باغ بیگلربیگی),استان کرمان,کرمان,,
1043,مسجد گنجعلی خان,استان کرمان,کرمان,,https://goo.gl/maps/2Ymbots3KAo1hVdRA
1044,ضرابخانه گنجعلی خان,استان کرمان,کرمان,,https://goo.gl/maps/utfhH7Pf58GkS5kA7
1045,حصار قدیم رفسنجان,استان کرمان,رفسنجان,,
1046,بازار اختیاری کرمان,استان کرمان,کرمان,,
1047,بازار مسگری,استان کرمان,کرمان,,
1048,بازار نقارخانه کرمان,استان کرمان,کرمان,,
1049,شهر تاریخی دقیانوس,استان کرمان,جیرفت,,
1050,قلعه اردشیر کرمان,استان کرمان,کرمان,,
1051,درخت بنه کهنسال اودرج,استان کرمان,رفسنجان,,
1052,قبه سبز (گنبد سبز),استان کرمان,کرمان,,
1053,آب‌ انبار مرادی,استان کرمان,رفسنجان,,
1054,آب انبار گنجعلی خان (آب‌ انبار علیمردان خان),استان کرمان,کرمان,,
1055,بازار قلعه محمود,استان کرمان,کرمان,,
1056,برج خلیل ‌آباد,استان کرمان,رفسنجان,,
1057,بازار حاج آقا علی (بازار آهنگری کرمان),استان کرمان,کرمان,,
1058,بازار میدان قلعه,استان کرمان,کرمان,,
1059,آبشار آبسر,استان کرمان,جیرفت,,
1060,بزرگراه گردشگری هفت باغ علوی,استان کرمان,کرمان,,
1061,منطقه دلفارد,استان کرمان,جیرفت,,
1062,آبشار کشیت,استان کرمان,کرمان,,
1063,خانه حاج آقا علی,استان کرمان,رفسنجان,,
1064,تل آتشین دارستان بم,استان کرمان,بم,,
1065,موزه مردم‌ شناسی رفسنجان,استان کرمان,رفسنجان,,https://goo.gl/maps/fv9A6SGKJ2cpzftu6
1066,خانقاه ابوسعید ابوالخیر کوهبنان,استان کرمان,کوهبنان,,
1067,تنگه راگه,استان کرمان,رفسنجان,,https://goo.gl/maps/d2UhryDjMsqHki7s9
1068,موزه ریاست جمهوری رفسنجان,استان کرمان,رفسنجان,,https://goo.gl/maps/aUUBoR6pScg6zJdx8
1069,موزه هنرهای معاصر صنعتی کرمان,استان کرمان,کرمان,,https://goo.gl/maps/EHH7MPY9FyV9BpZ29
1070,ارگ جدید بم,استان کرمان,بم,,https://goo.gl/maps/d3ppFByY7jUKnjYv7
1071,جنگل پردیسان قائم,استان کرمان,کرمان,,
1072,بازار وکیل کرمان,استان کرمان,کرمان,,
1073,مجتمع تجاری شفا,استان کرمان,کرمان,,
1074,بازار ستاره کرمان,استان کرمان,کرمان,,
1075,غار میرزا,استان کرمان,رفسنجان,,
1076,آتشکده آناهیتا کرمان (قلعه دختر),استان کرمان,کرمان,,
1077,قلعه تاریخی دشتاب,استان کرمان,بافت,,
1078,قلعه سموران جیرفت,استان کرمان,جیرفت,,
1079,قلعه آغشت (قلعه هاگوارتز ایران),استان البرز,کرج,,https://goo.gl/maps/xeUUXpEAHQ5M2R9W7
1080,روستای برغان,استان البرز,کرج,,https://goo.gl/maps/LWUvfFFpkfnszAXw7
1081,شهرستانک,استان البرز,کرج,,https://goo.gl/maps/TtCDZ2ucHzmMWtFH6
1082,پیست اسکی دیزین,استان البرز,کرج,,https://goo.gl/maps/aNW1hFVvzBnFfHhE7
1083,آبشار هفت چشمه,استان البرز,کرج,,https://goo.gl/maps/2EshSDtv3AmL6YPw9
1084,دشت لاله کندر,استان البرز,کرج,,https://goo.gl/maps/b91oTNQ6E4DYnJwN9
1085,پارک چمران,استان البرز,کرج,,https://goo.gl/maps/GgVRxFT14gspRZDy7
1086,کاخ مروارید (کاخ شمس),استان البرز,کرج,,
1087,پارک جنگلی جهان نما,استان البرز,کرج,,
1088,باغ فاتح کرج,استان البرز,کرج,,
1089,باغ پرندگان چهارباغ (باغ پرندگان کرج),استان البرز,کرج,,
1090,بام کرج,استان البرز,کرج,,
1091,غار یخ‌ مراد,استان البرز,گچسر,,
1092,پارک ایران کوچک,استان البرز,کرج,,https://goo.gl/maps/EFwJJKhGoVrbQfhr8
1093,آبشار خور,استان البرز,کرج,,
1094,آبشار زرد لیمه,چهارمحال و بختیاری,اردل,,
1095,تالاب چغاخور,چهارمحال و بختیاری,بروجن,,
1096,آبشار شیخ علی خان,چهارمحال و بختیاری,کوهرنگ,,
1097,روستای سر آقا سید,چهارمحال و بختیاری,کوهرنگ,,https://goo.gl/maps/JrF8ceFzf1yF3N1S7
1098,دره عشق,چهارمحال و بختیاری,اردل,,https://maps.app.goo.gl/ZGdLMjR5RkhwEqVX9
1099,آبشار تنگ زندان,چهارمحال و بختیاری,لردگان,,
1100,پارک آبی دهکده موج شهرکرد,چهارمحال و بختیاری,شهرکرد,,
1101,پل زمان خان سامان,چهارمحال و بختیاری,سامان,,https://goo.gl/maps/aPsZe3duowRvDNEs7
1102,پیست اسکی چلگرد,چهارمحال و بختیاری,کوهرنگ,,
1103,آبشار تنگ زندان,چهارمحال و بختیاری,لردگان,,
1104,پارک ملی تنگ صياد,چهارمحال و بختیاری,شهرکرد,,
1105,دره عشق,چهارمحال و بختیاری,اردل,,https://maps.app.goo.gl/ZGdLMjR5RkhwEqVX9
1106,پارک آبی دهکده موج شهرکرد,چهارمحال و بختیاری,شهرکرد,,
1107,پیست اسکی چلگرد,چهارمحال و بختیاری,کوهرنگ,,
1108,منطقه جنگلی فلارد,چهارمحال و بختیاری,لردگان,,
1109,پارک ملت شهرکرد,چهارمحال و بختیاری,شهرکرد,,
1110,آبشار تونل کوهرنگ,چهارمحال و بختیاری,کوهرنگ,,
1111,پارک جنگلی تهلیجان,چهارمحال و بختیاری,شهرکرد,,
1112,مجتمع تجاری امام صادق,چهارمحال و بختیاری,شهرکرد,,
1113,گنبد نمکی جاشک,استان بوشهر,بوشهر,,https://goo.gl/maps/BchnNpXofX478Q2U7
1114,بازار قدیم بوشهر,استان بوشهر,بوشهر,,https://goo.gl/maps/FdoTz1dGFBKCcrMo7
1115,پاساژ آزادگان,استان بوشهر,بوشهر,,
1116,مجتمع تجاری زیتون,استان بوشهر,بوشهر,,
1117,قلعه هلندی ها,استان بوشهر,خارک,,
1118,تنگه کافرین,استان ایلام,ایلام,,
1119,تنگ بهرام چوبین,استان ایلام,دره شهر,,https://maps.app.goo.gl/Bap1fBTbeMmfHzk99
1120,دریاچه دوقلو سیاه گاو,استان ایلام,آبدانان,,
1121,تنگه ارغوان,استان ایلام,ایلام,,
